B_T,Rxx_Ohm
0.30209,61.78132
0.30626,56.77636
0.31044,43.35168
0.31461,25.95239
0.31879,18.35577
0.32296,33.71920
0.32714,56.80678
0.33131,60.95220
0.33549,57.70718
0.33966,55.30547
0.34384,54.87062
0.34801,56.58471
0.35219,59.68910
0.35636,62.46663
0.36054,64.17499
0.36471,64.69510
0.36889,64.24024
0.37306,63.12386
0.37724,61.29430
0.38141,59.04958
0.38559,56.64059
0.38976,54.52802
0.39394,53.58887
0.39811,55.17469
0.40229,57.78642
0.40646,60.99516
0.41064,64.76196
0.41481,68.86370
0.41899,73.17264
0.42316,77.70305
0.42734,82.45582
0.43151,87.44517
0.43569,92.56213
0.43986,97.91520
0.44404,103.52325
0.44821,109.27681
0.45239,115.01024
0.45656,119.52269
0.46074,120.44638
0.46491,117.81449
0.46909,112.84198
0.47326,107.05479
0.47744,101.36794
0.48161,96.09022
0.48579,91.31915
0.48996,87.09654
0.49414,83.39228
0.49831,80.27664
0.50249,77.79849
0.50666,76.11478
0.51084,75.41605
0.51501,76.17138
0.51919,79.00994
0.52336,84.18286
0.52754,91.24662
0.53171,98.71802
0.53589,105.28680
0.54006,110.09061
0.54424,112.79000
0.54841,113.40138
0.55259,111.92853
0.55676,108.44875
0.56094,103.28561
0.56511,96.86127
0.56929,90.08389
0.57346,84.73770
0.57764,81.14745
0.58181,79.20454
0.58599,78.75305
0.59016,79.89667
0.59434,82.51489
0.59851,86.36331
0.60269,91.60631
0.60686,98.41117
0.61104,106.67573
0.61521,116.69011
0.61939,128.43972
0.62356,141.63859
0.62774,155.97022
0.63191,170.55485
0.63609,183.65798
0.64026,194.77506
0.64444,203.73796
0.64861,210.72723
0.65279,215.95514
0.65696,219.70260
0.66114,221.83736
0.66531,222.36027
0.66949,221.46567
0.67366,219.18466
0.67784,215.32602
0.68201,210.07209
0.68619,203.46396
0.69036,195.23953
0.69454,185.49403
0.69871,174.16621
0.70289,160.87504
0.70706,146.21852
0.71124,132.09994
0.71541,119.75419
0.71959,109.16527
0.72376,100.15951
0.72794,92.59580
0.73211,86.40413
0.73629,81.86777
0.74046,79.10994
0.74464,78.04216
0.74881,78.68789
0.75299,81.19490
0.75716,85.54885
0.76134,91.84879
0.76551,100.56862
0.76969,111.16941
0.77386,121.82448
0.77804,131.21642
0.78221,139.38168
0.78639,146.67267
0.79056,153.28883
0.79474,159.35080
0.79891,164.70728
0.80309,169.30024
0.80726,173.23779
0.81144,176.46085
0.81561,179.22596
0.81979,181.55484
0.82396,183.35118
0.82814,184.48388
0.83231,185.24719
0.83649,185.40986
0.84066,185.02521
0.84484,184.00243
0.84901,182.53001
0.85319,180.58776
0.85736,178.18949
0.86154,175.45615
0.86571,172.47927
0.86989,169.00378
0.87406,164.89910
0.87824,160.15791
0.88241,154.88940
0.88659,149.45618
0.89076,144.07717
0.89494,138.58385
0.89911,132.99253
0.90329,127.00224
0.90746,120.27836
0.91164,112.25978
0.91581,102.78945
0.91999,93.19398
0.92416,85.11244
0.92834,78.63324
0.93251,73.99418
0.93669,71.17982
0.94086,69.91178
0.94504,70.02792
0.94921,71.20238
0.95339,73.03793
0.95756,75.65746
0.96174,79.69609
0.96591,85.66767
0.97009,93.95807
0.97426,104.89455
0.97844,118.46149
0.98261,133.12214
0.98679,146.87155
0.99096,159.64361
0.99514,171.25784
0.99931,182.08303
1.00349,192.43733
1.00766,202.19412
1.01184,211.53087
1.01601,220.67440
1.02019,229.52596
1.02436,237.62360
1.02854,244.67493
1.03271,250.67191
1.03689,255.67922
1.04106,259.82423
1.04524,263.38954
1.04941,266.59884
1.05359,269.35025
1.05776,271.74004
1.06194,273.80222
1.06611,275.53244
1.07029,276.91375
1.07446,277.96299
1.07864,278.77915
1.08281,279.37355
1.08699,279.75179
1.09116,279.93046
1.09534,279.92181
1.09951,279.72317
1.10369,279.47999
1.10786,279.12911
1.11204,278.55583
1.11621,277.87041
1.12039,277.07752
1.12456,276.10982
1.12874,274.85437
1.13291,273.38707
1.13709,271.61298
1.14126,269.41107
1.14544,266.86164
1.14961,263.93875
1.15379,260.67628
1.15796,257.05079
1.16214,253.28729
1.16631,249.47958
1.17049,245.56202
1.17466,241.65880
1.17884,237.65720
1.18301,233.36263
1.18719,228.41641
1.19136,222.64121
1.19554,216.09916
1.19971,209.04557
1.20389,201.87868
1.20806,194.96046
1.21224,188.61808
1.21641,183.02200
1.22059,178.11493
1.22476,173.55579
1.22894,169.03548
1.23311,164.23542
1.23729,159.00964
1.24146,153.35294
1.24564,147.32091
1.24981,141.03374
1.25399,134.53792
1.25816,127.36965
1.26234,118.90044
1.26651,109.82903
1.27069,100.68171
1.27486,91.68238
1.27904,83.81297
1.28321,77.34414
1.28739,72.16457
1.29156,68.45451
1.29574,66.47009
1.29991,66.30513
1.30409,68.32538
1.30826,72.57522
1.31244,78.76344
1.31661,87.28853
1.32079,98.29589
1.32496,111.72494
1.32914,126.32688
1.33331,140.76843
1.33749,154.27644
1.34166,165.56094
1.34584,174.26134
1.35001,180.80907
1.35419,185.49192
1.35836,188.45424
1.36254,187.13624
1.36671,183.45571
1.37089,177.84042
1.37506,171.12760
1.37924,163.21244
1.38341,154.50415
1.38759,145.62892
1.39176,136.86968
1.39594,128.78924
1.40011,121.78031
1.40429,116.10466
1.40846,112.10862
1.41264,109.65631
1.41681,108.54998
1.42099,108.62466
1.42516,112.51912
1.42934,117.82844
1.43351,124.14073
1.43769,130.94888
1.44186,137.92606
1.44604,145.00655
1.45021,151.84474
1.45439,158.29861
1.45856,164.19409
1.46274,169.51034
1.46691,174.10895
1.47109,177.76479
1.47526,180.58159
1.47944,182.48079
1.48361,183.61006
1.48779,183.95977
1.49196,183.88736
1.49614,183.56830
1.50031,183.19642
1.50449,182.96001
1.50866,182.79920
1.51284,182.82715
1.51701,183.06649
1.52119,183.38294
1.52536,183.66400
1.52954,184.06293
1.53371,184.51835
1.53789,184.90530
1.54206,185.22290
1.54624,185.33777
1.55041,185.26384
1.55459,185.30630
1.55876,185.23993
1.56294,185.10149
1.56711,184.99666
1.57129,184.93285
1.57546,184.86043
1.57964,184.85814
1.58381,185.16714
1.58799,185.72383
1.59216,186.30128
1.59634,187.08351
1.60051,188.10712
1.60469,189.28189
1.60886,190.69774
1.61304,192.27872
1.61721,193.61663
1.62139,195.07872
1.62556,196.38581
1.62974,197.64470
1.63391,198.87430
1.63809,200.00597
1.64226,201.27070
1.64644,202.43174
1.65061,203.33055
1.65479,204.26549
1.65896,205.27394
1.66314,206.28316
1.66731,207.40243
1.67149,208.78367
1.67566,210.21316
1.67984,211.69928
1.68401,213.07038
1.68819,214.49364
1.69236,215.81563
1.69654,216.94205
1.70071,217.93576
1.70489,218.51145
1.70906,218.44558
1.71324,218.03596
1.71741,217.05973
1.72159,215.42666
1.72576,213.05458
1.72994,210.03294
1.73411,206.26380
1.73829,202.01176
1.74246,197.34472
1.74664,192.25092
1.75081,186.97641
1.75499,181.68217
1.75916,176.33372
1.76334,171.19898
1.76751,166.61422
1.77169,162.51178
1.77586,158.50502
1.78004,154.73014
1.78421,151.90261
1.78839,150.74347
1.79256,151.21022
1.79674,152.83805
1.80091,155.54798
1.80509,159.49445
1.80926,164.81254
1.81344,171.06395
1.81761,178.19942
1.82179,186.38728
1.82596,195.17593
1.83014,204.00954
1.83431,213.05671
1.83849,222.29166
1.84266,231.39316
1.84684,239.35656
1.85101,245.18247
1.85519,248.67893
1.85936,249.92669
1.86354,249.02324
1.86771,245.69439
1.87189,239.94819
1.87606,232.05823
1.88024,221.78626
1.88441,208.82340
1.88859,194.23362
1.89276,178.31148
1.89694,161.27448
1.90111,143.79048
1.90529,126.09573
1.90946,108.70808
1.91364,92.34190
1.91781,77.08242
1.92199,63.20666
1.92616,50.87807
1.93034,40.15706
1.93451,30.82093
1.93869,22.92171
1.94286,16.44062
1.94704,11.70074
1.95121,7.96445
1.95539,5.17498
1.95956,3.26513
1.96374,1.94795
1.96791,1.23743
1.97209,0.94408
1.97626,0.70441
1.98044,0.56591
1.98461,0.56084
1.98879,0.54697
1.99296,0.53379
2.00549,0.58020
2.00966,0.53741
2.01384,0.56415
2.01801,0.57277
2.02219,0.52539
2.03471,0.49582
2.03889,0.53509
2.04306,0.55897
2.04724,0.65976
2.05141,0.61405
2.05559,0.62599
2.05976,0.78947
2.06394,1.07527
2.06811,1.52960
2.08899,2.23700
2.09316,3.35159
2.09734,5.16962
2.10151,7.94603
2.10569,11.66263
2.10986,16.66250
2.11404,23.23363
2.11821,31.48129
2.12239,41.70136
2.12656,54.13082
2.13074,69.19400
2.13491,86.59866
2.13909,106.39573
2.14326,128.64857
2.14744,153.40776
2.15161,180.98420
2.15579,211.07679
2.15996,242.36944
2.16414,274.20181
2.16831,307.03498
2.17249,340.24354
2.17666,372.12250
2.18084,402.39009
2.18501,430.38022
2.18919,455.52864
2.19336,476.80055
2.19754,491.90910
2.20171,498.28293
2.20589,496.87060
2.21006,492.37073
2.21424,488.19472
2.21841,485.09370
2.22259,482.51298
2.22676,478.54623
2.23094,470.56157
2.23511,458.26791
2.23929,444.14483
2.24346,429.34169
2.24764,414.04947
2.25181,398.41979
2.25599,383.43790
2.26016,371.49249
2.26434,365.03641
2.26851,363.13677
2.27269,360.93579
2.27686,354.39552
2.28104,343.29040
2.28521,329.11176
2.28939,314.03328
2.29356,300.47387
2.29774,288.74001
2.30191,278.01639
2.30609,267.42565
2.31026,257.56439
2.31444,247.80042
2.31861,236.60670
2.32279,224.39439
2.32696,213.40734
2.33114,205.18875
2.33531,199.95376
2.33949,197.62410
2.34366,197.13860
2.34784,197.76499
2.35201,199.05072
2.35619,200.44922
2.36036,201.56157
2.36454,201.42396
2.36871,199.71741
2.37289,195.83932
2.37706,190.37697
2.38124,184.59434
2.38541,177.89817
2.38959,169.22696
2.39376,158.50147
2.39794,147.08639
2.40211,136.07164
2.40629,125.92772
2.41046,117.21760
2.41464,110.27540
2.41881,105.32678
2.42716,102.88697
2.43134,103.56372
2.43551,107.30835
2.43969,114.19766
2.44386,124.03193
2.44804,136.69175
2.45221,152.23725
2.45639,169.32133
2.46056,186.13035
2.46474,200.99559
2.46891,212.79836
2.47309,221.49619
2.47726,226.89338
2.48144,228.86508
2.48561,227.25432
2.48979,221.31743
2.49396,210.08015
2.49814,195.22549
2.50231,180.85282
2.50649,169.12241
2.51066,160.03455
2.51484,153.32911
2.51901,148.25805
2.52319,144.30476
2.52736,140.73909
2.53154,136.76102
2.53571,131.66812
2.53989,125.01358
2.54406,116.78244
2.54824,110.65018
2.55241,109.76128
2.55659,114.86854
2.56076,123.55360
2.56494,130.86911
2.56911,133.56882
2.57329,131.71238
2.57746,127.49429
2.58164,122.22765
2.58581,116.26890
2.58999,109.96224
2.59416,104.52439
2.59834,101.05130
2.60251,100.49345
2.60669,103.13684
2.61086,105.57285
2.61504,105.62426
2.61921,103.61546
2.62339,100.51564
2.62756,97.33887
2.63174,95.64066
2.63591,95.39806
2.64009,94.97311
2.64426,93.90287
2.64844,92.72701
2.65261,91.75465
2.65679,91.07961
2.66096,90.40045
2.66514,89.59756
2.66931,88.85993
2.67349,88.21253
2.67766,87.84486
2.68184,87.76036
2.68601,87.88908
2.69019,88.33048
2.69436,88.73950
2.69854,89.27662
2.70271,89.82249
2.70689,90.46282
2.71106,91.13486
2.71524,91.93691
2.71941,92.66576
2.72359,93.63187
2.72776,94.87121
2.73194,96.39092
2.73611,98.14018
2.74029,99.97083
2.74446,101.79841
2.74864,103.67644
2.75281,105.50674
2.75699,107.65556
2.76116,110.29903
2.76534,113.17251
2.76951,115.93193
2.77369,118.17468
2.77786,120.51779
2.78204,123.65893
2.78621,127.71713
2.79039,132.75519
2.79456,137.71250
2.79874,141.72285
2.80291,144.00497
2.80709,144.16729
2.81126,143.22224
2.81544,143.67695
2.81961,146.23153
2.82379,150.70048
2.82796,156.80648
2.83214,164.21290
2.83631,172.75599
2.84049,181.35068
2.84466,188.73676
2.84884,194.11411
2.85301,196.93698
2.85719,197.26661
2.86136,195.41921
2.86554,191.17548
2.86971,184.87416
2.87389,179.72067
2.87806,177.24456
2.88224,176.17542
2.88641,175.86696
2.89059,176.04818
2.89476,176.98041
2.89894,178.79072
2.90311,181.77078
2.90729,186.35621
2.91146,193.00827
2.91564,202.10401
2.91981,214.25362
2.92399,230.12524
2.92816,250.67970
2.93234,275.68934
2.93651,300.84709
2.94069,322.20650
2.94486,339.89428
2.94904,354.22231
2.95321,365.93994
2.95739,375.19830
2.96156,382.32548
2.96574,387.42847
2.96991,390.42450
2.97409,391.25728
2.97826,390.04937
2.98244,386.94729
2.98661,381.62536
2.99079,373.60372
2.99496,362.61756
2.99914,348.28567
3.00331,330.23467
3.00749,308.10664
3.01166,282.43396
3.01584,255.28820
3.02001,228.42220
3.02419,202.35003
3.02836,178.72564
3.03254,159.48765
3.03671,145.10909
3.04089,135.56813
3.04506,130.46097
3.05341,129.86352
3.05759,133.89274
3.06176,142.80144
3.06594,157.04817
3.07011,176.92802
3.07429,202.91037
3.07846,234.63630
3.08264,269.67240
3.08681,306.18396
3.09099,343.37728
3.09516,379.58289
3.09934,412.59805
3.10351,441.46928
3.10769,466.48425
3.11186,488.00468
3.11604,504.70164
3.12021,515.01093
3.12439,517.83203
3.12856,511.95294
3.13274,497.82922
3.13691,478.26326
3.14109,457.98742
3.14526,440.79046
3.14944,427.91484
3.15361,418.71182
3.15779,410.97968
3.16196,402.59401
3.16614,392.83420
3.17031,381.93267
3.17449,371.74470
3.17866,365.22208
3.18284,363.76964
3.18701,368.30604
3.19119,380.32973
3.19536,399.33463
3.19954,422.93073
3.20371,446.55681
3.20789,467.11674
3.21206,483.60387
3.21624,497.00283
3.22041,509.77771
3.22459,524.35455
3.22876,542.04229
3.23294,562.39953
3.23711,584.19495
3.24129,605.90954
3.24546,627.67349
3.24964,649.88904
3.25381,672.23741
3.25799,693.28772
3.26216,713.86288
3.26634,734.57245
3.27051,755.61163
3.27469,777.00486
3.27886,798.64010
3.28304,820.85028
3.28721,844.14132
3.29139,868.13700
3.29556,891.04114
3.29974,919.42448
3.30391,954.06898
3.30809,995.02996
3.31226,1041.28085
3.31644,1090.66478
3.32061,1142.66098
3.32479,1194.62002
3.32896,1244.12993
3.33314,1288.78482
3.33731,1326.36513
3.34149,1354.00130
3.34566,1368.98555
3.34984,1369.43756
3.35401,1357.25737
3.35819,1340.08422
3.36236,1319.70925
3.36654,1303.41414
3.37071,1294.06410
3.37489,1291.95412
3.37906,1294.40877
3.38324,1297.92440
3.38741,1300.56944
3.39159,1301.93037
3.39576,1303.17760
3.39994,1306.59220
3.40411,1315.82833
3.40829,1333.78896
3.41246,1361.45541
3.41664,1396.74223
3.42081,1433.55639
3.42499,1462.52747
3.42916,1475.60667
3.43334,1470.24379
3.43751,1446.86395
3.44169,1410.29166
3.44586,1365.68151
3.45004,1317.05933
3.45421,1266.82104
3.45839,1215.71851
3.46256,1163.93897
3.46674,1110.93357
3.47091,1056.49801
3.47509,1001.50038
3.47926,946.53198
3.48344,891.79663
3.48761,838.13618
3.49179,785.62208
3.49596,734.06370
3.50014,684.03909
3.50431,635.98031
3.50849,590.43921
3.51266,547.09112
3.51684,505.81306
3.52101,466.82074
3.52519,429.96181
3.52936,395.12346
3.53354,362.16144
3.53771,330.70351
3.54189,300.66238
3.54606,272.27890
3.55024,245.45068
3.55441,220.25035
3.55859,196.88860
3.56276,175.32796
3.56694,155.47742
3.57111,137.20262
3.57529,120.27785
3.57946,104.77902
3.58364,90.59717
3.58781,77.65593
3.59199,66.05656
3.59616,55.53888
3.60034,46.23518
3.60451,38.38638
3.60869,31.75932
3.61286,26.12151
3.61704,21.33844
3.62121,17.42318
3.62539,14.20418
3.62956,11.45483
3.63374,9.17271
3.63791,7.36050
3.64209,5.86841
3.64626,4.66476
3.65044,3.69983
3.65461,2.92289
3.65879,2.38741
3.66296,2.02447
3.66714,1.65116
3.67131,1.29159
3.67549,0.99786
3.67966,0.79472
3.68384,0.62301
3.68801,0.51138
3.69219,0.45791
3.69636,0.41388
3.70054,0.39969
3.70471,0.38929
3.70889,0.37671
3.71306,0.42516
3.71724,0.42929
3.72141,0.37736
3.72976,0.30240
3.73394,0.27381
3.73811,0.31184
3.74229,0.34991
3.74646,0.36433
3.75064,0.35755
3.75481,0.37821
3.75899,0.42220
3.76734,0.44736
3.77151,0.44967
3.77569,0.44705
3.77986,0.44725
3.80074,0.40692
3.80491,0.38791
3.80909,0.42476
3.81326,0.43571
3.81744,0.42110
3.85084,0.37352
3.85501,0.30042
3.85919,0.31015
3.86336,0.35654
3.86754,0.35189
3.87171,0.31023
3.88841,0.28344
3.89259,0.29952
3.89676,0.33829
3.90094,0.33727
3.90511,0.33925
3.90929,0.35208
3.91346,0.33933
3.92181,0.34601
3.92599,0.36117
3.93016,0.35744
3.93434,0.37206
3.97191,0.35178
3.97609,0.34220
3.98026,0.32904
3.98444,0.35733
3.98861,0.40057
3.99279,0.40377
3.99696,0.40887
4.00114,0.40682
4.00531,0.39340
4.00949,0.40168
4.01366,0.45333
4.01784,0.51547
4.02201,0.51803
4.02619,0.51500
4.03036,0.49649
4.05124,0.50906
4.05541,0.53060
4.05959,0.57429
4.06376,0.56029
4.06794,0.51761
4.07211,0.51628
4.07629,0.49990
4.08464,0.48593
4.08881,0.49538
4.09299,0.47981
4.09716,0.40730
4.10551,0.34907
4.10969,0.32724
4.11386,0.30911
4.11804,0.32107
4.27251,0.32414
4.27669,0.28187
4.28086,0.24036
4.28504,0.26056
4.28921,0.27676
4.31009,0.26017
4.31426,0.25328
4.31844,0.25909
4.32261,0.31222
4.34766,0.34480
4.35184,0.36044
4.35601,0.35663
4.36019,0.35639
4.36436,0.36338
4.36854,0.36849
4.37271,0.38021
4.37689,0.40950
4.38524,0.49767
4.38941,0.51019
4.39359,0.51271
4.39776,0.54767
4.40611,0.54690
4.41029,0.56704
4.41446,0.56218
4.41864,0.56420
4.42281,0.55338
4.42699,0.53303
4.43116,0.55542
4.43534,0.57682
4.43951,0.57164
4.44369,0.58747
4.44786,0.58807
4.45204,0.50168
4.47709,0.45372
4.48126,0.45235
4.48544,0.45407
4.48961,0.44852
4.49379,0.41707
4.49796,0.35721
4.50214,0.32303
4.52301,0.31441
4.52719,0.33355
4.53136,0.33074
4.53554,0.30760
4.53971,0.29822
4.54389,0.27877
4.54806,0.26519
4.55224,0.27517
4.55641,0.29036
4.56059,0.29595
4.56476,0.28557
4.56894,0.27759
4.57311,0.27903
4.57729,0.31116
4.58146,0.32107
4.58564,0.33915
4.58981,0.36115
4.59399,0.37293
4.59816,0.37558
4.60651,0.37925
4.61069,0.38121
4.61486,0.38053
4.61904,0.37455
4.62321,0.39505
4.62739,0.46148
4.63156,0.47158
4.65661,0.46969
4.66079,0.48824
4.66496,0.50405
4.66914,0.50445
4.67331,0.49978
4.67749,0.47447
4.68166,0.43553
4.68584,0.46909
4.69001,0.54283
4.69419,0.56215
4.69836,0.62736
4.71089,0.83323
4.71506,1.11554
4.72759,1.38729
4.73176,1.81603
4.73594,2.41745
4.74011,3.08496
4.74429,3.75214
4.74846,4.48067
4.75264,5.26970
4.75681,6.06408
4.76099,6.90183
4.76516,7.72807
4.76934,8.48320
4.77351,9.23038
4.77769,9.99522
4.78186,10.75854
4.78604,11.66157
4.79021,12.74988
4.79439,13.90166
4.79856,15.17581
4.80274,16.52574
4.80691,17.98377
4.81109,19.61989
4.81526,21.43985
4.81944,23.41912
4.82361,25.46646
4.82779,27.62676
4.83196,30.00548
4.83614,32.66607
4.84031,35.52040
4.84449,38.41426
4.84866,41.19316
4.85284,43.76680
4.85701,46.24598
4.86119,48.63242
4.86536,51.04647
4.86954,53.69207
4.87371,56.45317
4.87789,59.11421
4.88206,61.84468
4.88624,64.82091
4.89041,67.86422
4.89459,71.12500
4.89876,74.62260
4.90294,78.19939
4.90711,81.76531
4.91129,85.30262
4.91546,88.82960
4.91964,92.50349
4.92381,96.52911
4.92799,100.96177
4.93216,105.48024
4.93634,109.96002
4.94051,114.52967
4.94469,119.18679
4.94886,123.91477
4.95304,128.98366
4.95721,134.24071
4.96139,139.54797
4.96556,144.86725
4.96974,150.26365
4.97391,155.83630
4.97809,161.65750
4.98226,167.46897
4.98644,173.21876
4.99061,179.16407
4.99479,185.28772
4.99896,191.83276
5.00314,199.08545
5.00731,207.00854
5.01149,215.40162
5.01566,224.31250
5.01984,234.03386
5.02401,244.66400
5.02819,256.52571
5.03236,270.01500
5.03654,285.28659
5.04071,302.47578
5.04489,321.74548
5.04906,343.28492
5.05324,366.87245
5.05741,392.81357
5.06159,421.51625
5.06576,453.16385
5.06994,487.58409
5.07411,524.73544
5.07829,564.13643
5.08246,604.68863
5.08664,645.77595
5.09081,686.88456
5.09499,727.31706
5.09916,766.75252
5.10334,805.28645
5.10751,843.17766
5.11169,880.20596
5.11586,916.78707
5.12004,953.10128
5.12421,988.77716
5.12839,1023.47471
5.13256,1057.66445
5.13674,1091.82914
5.14091,1126.27736
5.14509,1162.16821
5.14926,1200.32470
5.15344,1241.73645
5.15761,1286.74619
5.16179,1334.80914
5.16596,1385.53339
5.17014,1438.99916
5.17431,1495.59617
5.17849,1555.32392
5.18266,1617.38344
5.18684,1682.04138
5.19101,1749.20766
5.19519,1818.32345
5.19936,1889.25548
5.20354,1961.62498
5.20771,2035.10195
5.21189,2108.76579
5.21606,2181.95038
5.22024,2254.88501
5.22441,2327.83996
5.22859,2400.65748
5.23276,2472.77075
5.23694,2543.74347
5.24111,2612.41550
5.24529,2678.67418
5.24946,2742.32308
5.25364,2803.03691
5.25781,2860.25404
5.26199,2913.64697
5.26616,2963.49850
5.27034,3009.67421
5.27451,3052.60251
5.27869,3092.09109
5.28286,3127.73831
5.28704,3159.69188
5.29121,3187.90822
5.29539,3212.17536
5.29956,3232.11947
5.30374,3248.14708
5.30791,3260.77180
5.31209,3269.73840
5.31626,3274.80140
5.32044,3276.18904
5.32461,3273.57186
5.32879,3266.64190
5.33296,3255.05590
5.33714,3238.62555
5.34131,3217.37755
5.34549,3191.57947
5.34966,3161.40621
5.35384,3127.44540
5.35801,3090.56572
5.36219,3051.49393
5.36636,3010.42215
5.37054,2967.40476
5.37471,2922.58573
5.37889,2876.13214
5.38306,2827.98587
5.38724,2777.71227
5.39141,2724.61702
5.39559,2668.07472
5.39976,2607.39381
5.40394,2541.37586
5.40811,2469.56343
5.41229,2391.53973
5.41646,2307.92781
5.42064,2220.48108
5.42481,2131.08075
5.42899,2043.32262
5.43316,1960.71483
5.43734,1885.93184
5.44151,1820.97882
5.44569,1767.58981
5.44986,1727.41575
5.45404,1700.49632
5.45821,1687.62587
5.46239,1690.01793
5.46656,1708.41637
5.47074,1742.68128
5.47491,1792.96101
5.47909,1857.69137
5.48326,1934.10562
5.48744,2019.85923
5.49161,2110.68592
5.49579,2202.56181
5.49996,2292.62834
5.50414,2378.87915
5.50831,2459.91172
5.51249,2534.50650
5.51666,2603.46695
5.52084,2666.88340
5.52501,2724.24608
5.52919,2776.00237
5.53336,2822.52844
5.53754,2863.80636
5.54171,2900.28704
5.54589,2932.19388
5.55006,2959.30231
5.55424,2982.13078
5.55841,3001.05562
5.56259,3015.88657
5.56676,3026.84242
5.57094,3033.86927
5.57511,3037.36789
5.57929,3037.55936
5.58346,3034.63336
5.58764,3028.86268
5.59181,3020.21023
5.59599,3008.65587
5.60016,2994.25768
5.60434,2977.33096
5.60851,2958.17494
5.61269,2936.79304
5.61686,2913.23380
5.62104,2887.57241
5.62521,2860.01696
5.62939,2830.61206
5.63356,2799.41111
5.63774,2766.39714
5.64191,2731.78286
5.64609,2695.28193
5.65026,2656.95351
5.65444,2617.12144
5.65861,2575.91396
5.66279,2533.34879
5.66696,2489.49235
5.67114,2444.08931
5.67531,2397.16295
5.67949,2348.97817
5.68366,2299.65498
5.68784,2249.24793
5.69201,2198.07585
5.69619,2146.43392
5.70036,2094.35307
5.70454,2041.77098
5.70871,1989.13691
5.71289,1936.38582
5.71706,1883.34250
5.72124,1830.34179
5.72541,1777.78505
5.72959,1725.40967
5.73376,1673.51408
5.73794,1622.73081
5.74211,1572.97195
5.74629,1524.31023
5.75046,1476.86395
5.75464,1430.65703
5.75881,1385.73949
5.76299,1342.34645
5.76716,1300.75108
5.77134,1260.94987
5.77551,1223.16111
5.77969,1187.53939
5.78386,1153.98130
5.78804,1122.53856
5.79221,1093.11446
5.79639,1065.88598
5.80056,1040.45010
5.80474,1016.60171
5.80891,994.25206
5.81309,973.32902
5.81726,953.68672
5.82144,935.12307
5.82561,917.60880
5.82979,900.81189
5.83396,884.52670
5.83814,868.63861
5.84231,852.98476
5.84649,837.33513
5.85066,821.64671
5.85484,806.20764
5.85901,790.52949
5.86319,774.47666
5.86736,758.28922
5.87154,741.95297
5.87571,725.49502
5.87989,708.85903
5.88406,691.93212
5.88824,674.53111
5.89241,656.69936
5.89659,638.67518
5.90076,620.52359
5.90494,602.00477
5.90911,583.12686
5.91329,563.81268
5.91746,543.99677
5.92164,523.82886
5.92581,503.36100
5.92999,482.40262
5.93416,460.99738
5.93834,439.00198
5.94251,416.33286
5.94669,393.27866
5.95086,370.00849
5.95504,346.30808
5.95921,321.99643
5.96339,297.29933
5.96756,272.64667
5.97174,248.09709
5.97591,223.79561
5.98009,200.14084
5.98426,177.34991
5.98844,155.54125
5.99261,134.91977
5.99679,115.62620
6.00096,97.87750
6.00514,81.78724
6.00931,67.40492
6.01349,54.65822
6.01766,43.64299
6.02184,34.29280
6.02601,26.36281
6.03019,19.82030
6.03436,14.72172
6.03854,10.92234
6.04271,8.05775
6.04689,5.87885
6.05106,4.25694
6.05524,3.14610
6.05941,2.38457
6.06359,1.82050
6.07194,1.45052
6.07611,1.18038
6.08029,0.95154
6.08446,0.76100
6.08864,0.63390
6.09281,0.62022
6.09699,0.68278
6.10116,0.68686
6.13456,0.61310
6.13874,0.53975
6.14291,0.59094
6.18466,0.78157
6.18884,1.08927
6.19301,1.54814
6.19719,2.32390
6.20136,3.67289
6.20554,5.85613
6.20971,9.06068
6.21389,13.51844
6.21806,19.18991
6.22224,26.03083
6.22641,34.40992
6.23059,44.52900
6.23476,56.31831
6.23894,69.46225
6.24311,83.79541
6.24729,99.21046
6.25146,115.50791
6.25564,132.47713
6.25981,149.86881
6.26399,167.19975
6.26816,183.99973
6.27234,200.05576
6.27651,215.00186
6.28069,228.61971
6.28486,240.79565
6.28904,251.16044
6.29321,259.61980
6.29739,266.27792
6.30156,271.46921
6.30574,275.32502
6.30991,278.20715
6.31409,280.48522
6.31826,282.42059
6.32244,284.29854
6.32661,286.89466
6.33079,290.72275
6.33496,296.02656
6.33914,303.48209
6.34331,313.62553
6.34749,326.66519
6.35166,342.82839
6.35584,362.62517
6.36001,386.42662
6.36419,413.94489
6.36836,445.24061
6.37254,480.12625
6.37671,518.42674
6.38089,560.46251
6.38506,605.85034
6.38924,653.80511
6.39341,703.51375
6.39759,754.81453
6.40176,807.64423
6.40594,861.34690
6.41011,915.45684
6.41429,969.60591
6.41846,1023.00086
6.42264,1074.93387
6.42681,1125.57732
6.43099,1174.84001
6.43516,1222.45023
6.43934,1268.09516
6.44351,1311.24696
6.44769,1351.66593
6.45186,1389.29050
6.45604,1424.75454
6.46021,1457.86109
6.46439,1487.94685
6.46856,1515.38876
6.47274,1540.28503
6.47691,1562.77720
6.48109,1583.13451
6.48526,1601.57125
6.48944,1618.04116
6.49361,1632.46872
6.49779,1645.02628
6.50196,1655.96826
6.50614,1665.39636
6.51031,1673.74079
6.51449,1681.26432
6.51866,1687.85348
6.52284,1693.71296
6.52701,1699.03770
6.53119,1703.81480
6.53536,1708.26187
6.53954,1712.45966
6.54371,1716.46756
6.54789,1720.24773
6.55206,1723.81148
6.55624,1727.31086
6.56041,1730.73078
6.56459,1733.99557
6.56876,1736.97121
6.57294,1739.54612
6.57711,1741.67640
6.58129,1743.28262
6.58546,1744.19912
6.58964,1744.28185
6.59381,1743.47768
6.59799,1741.72069
6.60216,1738.81645
6.60634,1734.59931
6.61051,1728.96624
6.61469,1721.91305
6.61886,1713.32306
6.62304,1703.00246
6.62721,1690.51946
6.63139,1675.88271
6.63556,1659.06737
6.63974,1639.85948
6.64391,1618.02674
6.64809,1593.65773
6.65226,1566.84181
6.65644,1537.41010
6.66061,1505.58564
6.66479,1471.40617
6.66896,1435.06986
6.67314,1397.10822
6.67731,1357.79730
6.68149,1316.94509
6.68566,1275.07896
6.68984,1233.01013
6.69401,1190.86828
6.69819,1148.98403
6.70236,1107.76507
6.70654,1067.47788
6.71071,1027.85780
6.71489,989.18816
6.71906,951.61367
6.72324,914.62630
6.72741,878.00514
6.73159,841.71903
6.73576,805.23078
6.73994,767.80444
6.74411,729.35612
6.74829,689.42008
6.75246,647.50289
6.75664,602.97327
6.76081,555.90959
6.76499,506.90559
6.76916,456.46440
6.77334,406.11968
6.77751,356.79624
6.78169,309.30043
6.78586,264.31079
6.79004,222.23568
6.79421,183.01042
6.79839,146.92004
6.80256,114.71023
6.80674,87.05003
6.81091,64.55378
6.82344,47.75112
6.82761,37.61260
6.83179,33.91590
6.83596,35.91380
6.84014,43.13992
6.84431,54.34132
6.84849,68.39884
6.85266,84.53719
6.85684,102.52101
6.86101,122.35656
6.86519,143.98715
6.86936,167.40000
6.87354,192.64977
6.87771,219.78527
6.88189,248.61293
6.88606,278.91059
6.89024,310.60833
6.89441,343.94953
6.89859,379.29732
6.90276,416.82468
6.90694,456.13802
6.91111,497.13681
6.91529,540.08077
6.91946,584.72533
6.92364,630.65865
6.92781,677.81604
6.93199,725.55220
6.93616,773.49552
6.94034,821.18886
6.94451,868.08678
6.94869,913.64460
6.95286,957.43433
6.95704,999.06127
6.96121,1037.95996
6.96539,1073.76533
6.96956,1106.73466
6.97374,1136.79805
6.97791,1163.68767
6.98209,1187.55379
6.98626,1208.64819
6.99044,1227.07449
6.99461,1243.47116
6.99879,1257.84001
7.00296,1270.05575
7.00714,1280.35145
7.01131,1288.93503
7.01549,1295.75984
7.01966,1300.72481
7.02384,1303.89324
7.02801,1305.18543
7.03219,1304.21916
7.03636,1300.79955
7.04054,1294.73887
7.04471,1285.71984
7.04889,1273.48902
7.05306,1257.70370
7.05724,1238.15766
7.06141,1214.51442
7.06559,1186.75082
7.06976,1154.98975
7.07394,1119.39952
7.07811,1080.20225
7.08229,1037.28742
7.08646,990.90719
7.09064,941.27933
7.09481,888.50698
7.09899,832.82287
7.10316,774.04924
7.10734,712.61839
7.11151,648.91074
7.11569,583.48730
7.11986,517.68454
7.12404,453.67550
7.12821,393.14707
7.13239,336.60699
7.13656,284.31620
7.14074,236.53572
7.14491,194.17959
7.14909,157.84922
7.15326,128.10992
7.15744,105.68599
7.16996,91.14451
7.17414,85.25713
7.17831,88.21017
7.18249,100.23922
7.18666,121.14504
7.19084,149.82526
7.19501,184.33855
7.19919,223.28599
7.20336,265.91541
7.20754,311.55929
7.21171,359.77965
7.21589,409.70295
7.22006,460.22234
7.22424,510.52132
7.22841,559.81581
7.23259,607.30669
7.23676,652.47678
7.24094,694.80175
7.24511,733.64927
7.24929,768.85875
7.25346,800.01413
7.25764,826.88188
7.26181,849.07359
7.26599,866.54565
7.27016,879.25983
7.27434,886.86903
7.27851,889.20413
7.28269,886.18805
7.28686,877.69668
7.29104,863.92419
7.29521,844.55052
7.29939,819.30565
7.30356,788.02039
7.30774,750.54557
7.31191,706.79076
7.31609,657.14265
7.32026,602.72385
7.32444,544.86817
7.32861,485.64288
7.33279,427.08593
7.33696,370.37674
7.34114,316.18942
7.34531,265.09359
7.34949,217.64291
7.35366,174.64393
7.35784,137.57402
7.36201,108.04282
7.36619,87.60230
7.37036,76.85067
7.37454,76.42937
7.37871,86.33857
7.38289,105.70578
7.38706,132.89500
7.39124,165.58746
7.39541,202.05480
7.39959,240.99293
7.40376,281.56465
7.40794,323.13791
7.41211,365.08878
7.41629,406.18325
7.42046,444.90941
7.42464,479.36258
7.42881,507.86443
7.43299,529.58227
7.43716,543.00660
7.44134,547.52601
7.44551,542.73652
7.44969,528.67594
7.45386,505.66541
7.45804,474.58887
7.46221,437.84006
7.46639,397.70085
7.47056,355.97900
7.47474,313.58328
7.47891,271.31569
7.48309,230.05861
7.48726,190.99189
7.49144,155.64905
7.49561,126.09781
7.49979,104.50280
7.50396,92.02837
7.50814,88.99887
7.51231,95.30928
7.51649,110.25290
7.52066,132.38585
7.52484,159.01044
7.52901,187.47280
7.53319,215.46517
7.53736,241.28714
7.54154,263.82537
7.54571,282.00372
7.54989,294.12759
7.55406,299.44978
7.55824,297.49776
7.56241,288.76508
7.56659,274.33346
7.57076,255.32026
7.57494,232.66187
7.57911,207.49256
7.58329,181.23804
7.58746,155.95647
7.59164,134.06726
7.59581,117.66623
7.59999,107.40711
7.60416,103.21131
7.60834,104.77736
7.61251,111.63545
7.61669,121.91012
7.62086,133.02287
7.62504,142.15610
7.62921,147.90048
7.63339,150.42983
7.63756,151.03325
7.64174,150.73914
7.64591,149.48143
7.65009,146.46427
7.65426,140.83093
7.65844,132.62388
7.66261,123.84761
7.66679,116.11157
7.67096,109.61373
7.67514,104.15986
7.67931,99.04220
7.68349,93.85244
7.68766,89.36530
7.69184,86.17824
7.69601,84.58981
7.70019,84.41133
7.70436,85.00111
7.70854,86.49605
7.71271,89.55925
7.71689,94.63928
7.72106,100.75357
7.72524,105.11422
7.72941,104.60511
7.73359,98.30592
7.73776,87.67916
7.74194,76.44593
7.74611,68.08545
7.75029,64.28695
7.75446,65.15460
7.75864,70.12747
7.76281,78.00664
7.76699,86.84189
7.77116,93.81076
7.77534,96.59668
7.77951,94.20213
7.78369,88.04127
7.78786,80.96360
7.79204,76.50721
7.79621,76.87533
7.80039,81.74011
7.80456,88.09589
7.80874,93.58831
7.81291,97.59323
7.81709,100.33433
7.82126,101.86083
7.82544,102.25043
7.82961,102.14728
7.83379,102.56162
7.83796,104.49550
7.84214,108.61477
7.84631,114.12752
7.85049,119.75348
7.85466,124.11427
7.85884,126.39026
7.86301,127.26591
7.86719,128.85193
7.87136,132.49223
7.87554,137.42264
7.87971,142.16255
7.88389,145.83849
7.88806,148.37701
7.89224,150.56137
7.89641,153.39886
7.90059,157.08654
7.90476,161.03025
7.90894,164.54745
7.91311,167.41471
7.91729,170.05323
7.92146,172.96429
7.92564,176.26613
7.92981,179.58846
7.93399,182.46470
7.93816,185.02702
7.94234,187.59687
7.94651,190.16113
7.95069,192.56944
7.95486,194.76534
7.95904,196.82788
7.96321,198.80923
7.96739,200.64408
7.97156,202.35959
7.97574,203.96771
7.97991,205.46196
7.98409,206.81435
7.98826,208.01509
7.99244,208.96527
7.99661,209.74172
8.00079,210.47884
8.00496,211.17377
8.00914,211.77382
8.01331,212.28802
8.01749,212.67096
8.02166,212.90535
8.02584,213.05781
8.03001,213.17766
8.03419,213.21362
8.03836,213.19509
8.04254,213.10271
8.04671,212.98482
8.05089,212.83370
8.05506,212.65338
8.05924,212.49820
8.06341,212.29784
8.06759,211.99620
8.07176,211.69866
8.07594,211.41315
8.08011,211.07768
8.08429,210.76180
8.08846,210.51983
8.09264,210.22305
8.09681,209.83952
8.10099,209.45751
8.10516,209.14620
8.10934,208.85292
8.11351,208.51936
8.11769,208.20200
8.12186,207.88538
8.12604,207.57677
8.13021,207.32172
8.13439,207.12995
8.13856,207.00943
8.14274,207.01473
8.14691,206.99400
8.15109,206.85135
8.15526,206.72287
8.15944,206.67622
8.16361,206.60024
8.16779,206.47691
8.17196,206.41647
8.17614,206.48178
8.18031,206.57163
8.18449,206.66355
8.18866,206.78568
8.19284,206.85677
8.19701,206.90790
8.20119,207.00157
8.20536,207.05183
8.20954,207.17719
8.21371,207.46727
8.21789,207.81573
8.22206,208.18057
8.22624,208.61640
8.23041,209.17075
8.23459,209.73481
8.23876,210.19672
8.24294,210.65528
8.24711,211.19633
8.25129,211.79598
8.25546,212.45482
8.25964,213.14815
8.26381,213.84900
8.26799,214.58471
8.27216,215.34572
8.27634,216.15573
8.28051,216.97521
8.28469,217.73104
8.28886,218.45629
8.29304,219.10493
8.29721,219.73845
8.30139,220.42427
8.30556,221.08646
8.30974,221.70137
8.31391,222.28971
8.31809,222.86411
8.32226,223.35658
8.32644,223.76886
8.33061,224.16323
8.33479,224.43296
8.33896,224.51175
8.34314,224.50917
8.34731,224.60492
8.35149,224.73217
8.35566,224.75705
8.35984,224.69576
8.36401,224.56093
8.36819,224.29897
8.37236,223.83266
8.37654,223.26426
8.38071,222.58950
8.38489,221.88809
8.38906,221.11106
8.39324,220.20075
8.39741,219.17028
8.40159,217.99470
8.40576,216.73745
8.40994,215.30417
8.41411,213.68508
8.41829,211.91567
8.42246,209.90729
8.42664,207.70101
8.43081,205.53613
8.43499,203.45015
8.43916,201.16640
8.44334,198.56637
8.44751,195.76041
8.45169,192.99274
8.45586,190.38061
8.46004,187.65329
8.46421,184.44204
8.46839,180.78914
8.47256,177.27660
8.47674,174.32533
8.48091,171.86495
8.48509,169.17630
8.48926,165.61935
8.49344,161.05788
8.49761,156.23241
8.50179,152.27884
8.50596,149.93649
8.51014,148.68168
8.51431,146.90790
8.51849,143.19393
8.52266,137.89221
8.52684,132.35165
8.53101,127.73721
8.53519,124.51768
8.53936,122.93115
8.54354,122.54977
8.54771,122.51893
8.55189,121.60913
8.55606,119.05487
8.56024,114.66635
8.56441,108.84128
8.56859,102.29673
8.57276,96.37717
8.57694,93.21274
8.58111,94.76233
8.58529,100.29976
8.58946,106.77633
8.59364,110.68277
8.59781,109.66663
8.60199,103.70599
8.60616,94.55423
8.61034,85.19086
8.61451,78.22423
8.61869,75.11611
8.62286,76.47765
8.62704,81.69266
8.63121,89.81011
8.63539,99.41036
8.63956,107.69155
8.64374,111.64734
8.64791,109.97804
8.65209,104.33259
8.65626,97.69161
8.66044,92.80246
8.66461,90.20405
8.66879,89.26106
8.67296,88.94435
8.67714,89.09376
8.68131,89.91979
8.68549,91.64813
8.68966,95.05495
8.69384,99.63095
8.69801,104.56070
8.70219,110.06174
8.70636,116.72411
8.71054,124.65763
8.71471,132.22200
8.71889,138.30471
8.72306,142.19388
8.72724,143.93440
8.73141,144.25221
8.73559,143.83104
8.73976,142.54358
8.74394,139.61300
8.74811,133.88566
8.75229,124.39728
8.75646,112.38317
8.76064,100.52335
8.76481,91.74136
8.76899,89.88131
8.77316,98.46145
8.77734,107.40778
8.78151,116.37358
8.78569,124.21459
8.78986,130.16736
8.79404,134.06634
8.79821,136.16036
8.80239,137.04772
8.80656,137.23411
8.81074,136.78515
8.81491,135.29350
8.81909,131.81145
8.82326,125.08470
8.82744,114.48132
8.83161,98.93335
8.83579,78.13384
8.83996,65.73612
8.84414,63.14961
8.84831,70.73649
8.85249,88.26794
8.85666,114.30738
8.86084,146.81177
8.86501,184.03327
8.86919,224.78284
8.87336,267.98276
8.87754,312.67116
8.88171,358.08884
8.88589,403.34612
8.89006,447.17545
8.89424,487.76646
8.89841,522.80702
8.90259,549.78347
8.90676,567.21338
8.91094,574.61744
8.91511,571.20987
8.91929,557.20975
8.92346,533.93464
8.92764,502.78211
8.93181,465.42180
8.93599,423.87460
8.94016,379.88432
8.94434,334.64891
8.94851,289.17649
8.95269,244.41529
8.95686,201.33183
8.96104,161.02116
8.96521,124.63548
8.96939,93.47703
8.97356,69.17002
8.97774,53.29770
8.98191,47.10162
8.98609,51.03229
8.99026,64.58588
8.99444,86.87811
8.99861,116.65953
9.00279,153.02158
9.00696,195.01452
9.01114,241.89330
9.01531,293.23179
9.01949,348.26312
9.02366,406.47716
9.02784,467.38078
9.03201,529.91376
9.03619,592.59736
9.04036,654.11610
9.04454,712.98226
9.04871,767.94989
9.05289,818.53893
9.05706,864.17560
9.06124,904.54929
9.06541,939.26962
9.06959,968.21646
9.07376,991.40611
9.07794,1008.61737
9.08211,1019.87099
9.08629,1025.06889
9.09046,1024.07754
9.09464,1016.66066
9.09881,1002.41267
9.10299,981.32323
9.10716,953.01034
9.11134,917.26198
9.11551,874.91142
9.11969,826.06102
9.12386,771.06594
9.12804,711.15148
9.13221,647.94107
9.13639,582.68738
9.14056,516.58434
9.14474,451.24924
9.14891,387.99311
9.15309,327.72511
9.15726,271.30713
9.16144,219.59321
9.16561,172.94666
9.16979,132.20210
9.17396,98.06703
9.17814,70.33899
9.18231,49.83494
9.18649,37.48070
9.19066,33.20320
9.19484,36.61352
9.19901,47.73648
9.20319,66.15383
9.20736,90.97184
9.21154,122.11791
9.21571,159.07607
9.21989,201.52160
9.22406,249.76999
9.22824,303.53384
9.23241,362.25099
9.23659,425.52838
9.24076,493.22371
9.24494,564.07343
9.24911,636.77356
9.25329,710.33145
9.25746,783.57503
9.26164,855.13798
9.26581,924.29543
9.26999,990.65342
9.27416,1053.13501
9.27834,1111.48597
9.28251,1165.65931
9.28669,1215.03088
9.29086,1259.60544
9.29504,1299.68720
9.29921,1335.33905
9.30339,1366.35134
9.30756,1393.50115
9.31174,1417.22595
9.31591,1437.77166
9.32009,1455.75346
9.32426,1471.87077
9.32844,1486.68208
9.33261,1500.57286
9.33679,1513.73908
9.34096,1526.40878
9.34514,1538.72275
9.34931,1550.74708
9.35349,1562.73147
9.35766,1574.59149
9.36184,1586.10917
9.36601,1596.98479
9.37019,1606.78768
9.37436,1615.11190
9.37854,1621.65216
9.38271,1625.86865
9.38689,1627.25448
9.39106,1625.54275
9.39524,1620.29586
9.39941,1611.57071
9.40359,1599.02790
9.40776,1582.13234
9.41194,1560.69300
9.41611,1534.59779
9.42029,1503.46859
9.42446,1467.39182
9.42864,1426.49493
9.43281,1380.52710
9.43699,1329.34954
9.44116,1272.86637
9.44534,1211.62578
9.44951,1145.87310
9.45369,1075.77859
9.45786,1002.05831
9.46204,925.26891
9.46621,846.00948
9.47039,765.51022
9.47456,685.25092
9.47874,606.15802
9.48291,529.51296
9.48709,456.35171
9.49126,387.37744
9.49544,323.50924
9.49961,265.48263
9.50379,213.73874
9.50796,168.12624
9.51214,128.83505
9.51631,96.05943
9.52049,69.88729
9.52466,50.44218
9.52884,38.18641
9.53301,33.40336
9.53719,35.71986
9.54971,44.59349
9.55389,59.57876
9.55806,80.21004
9.56224,106.32142
9.56641,137.90779
9.57059,174.86860
9.57476,216.99857
9.57894,264.80701
9.58311,317.69487
9.58729,375.62087
9.59146,438.18820
9.59564,504.38771
9.59981,573.72372
9.60399,645.07732
9.60816,717.60188
9.61234,791.07784
9.61651,864.93792
9.62069,938.30847
9.62486,1010.65053
9.62904,1081.48332
9.63321,1150.20771
9.63739,1216.78624
9.64156,1280.49317
9.64574,1341.43910
9.64991,1399.16212
9.65409,1453.62575
9.65826,1505.13514
9.66244,1553.28857
9.66661,1598.24282
9.67079,1640.03705
9.67496,1678.57411
9.67914,1714.30282
9.68331,1747.77423
9.68749,1779.05362
9.69166,1808.39943
9.69584,1836.26369
9.70001,1862.73434
9.70419,1887.98332
9.70836,1912.25966
9.71254,1935.69728
9.71671,1958.11443
9.72089,1979.42732
9.72506,1999.60766
9.72924,2018.38814
9.73341,2035.49283
9.73759,2050.64118
9.74176,2063.32583
9.74594,2073.16407
9.75011,2079.78597
9.75429,2082.37395
9.75846,2080.60277
9.76264,2074.32976
9.76681,2063.46694
9.77099,2048.17692
9.77516,2029.19229
9.77934,2007.26196
9.78351,1983.51403
9.78769,1959.41304
9.79186,1936.34528
9.79604,1915.62473
9.80021,1898.19654
9.80439,1884.96986
9.80856,1876.76851
9.81274,1874.17657
9.81691,1877.74130
9.82109,1887.59267
9.82526,1903.67150
9.82944,1925.60630
9.83361,1953.15949
9.83779,1985.53435
9.84196,2021.82878
9.84614,2060.77735
9.85031,2100.94617
9.85449,2141.10391
9.85866,2180.01309
9.86284,2216.79669
9.86701,2250.77539
9.87119,2281.30035
9.87536,2308.20538
9.87954,2331.55395
9.88371,2351.40668
9.88789,2367.88110
9.89206,2381.36513
9.89624,2392.01134
9.90041,2400.00220
9.90459,2405.60293
9.90876,2409.14530
9.91294,2410.87499
9.91711,2410.94739
9.92129,2409.51610
9.92546,2406.69239
9.92964,2402.68122
9.93381,2397.78266
9.93799,2392.00211
9.94216,2385.25335
9.94634,2377.55817
9.95051,2368.94399
9.95469,2359.32495
9.95886,2348.83896
9.96304,2337.51213
9.96721,2325.28284
9.97139,2312.16421
9.97556,2298.03613
9.97974,2282.83437
9.98391,2266.77833
9.98809,2249.98692
9.99226,2232.30056
9.99644,2213.32797
10.00061,2193.24758
10.00479,2172.19248
10.00896,2150.02016
10.01314,2126.73770
10.01731,2102.24881
10.02149,2076.56804
10.02566,2049.53188
10.02984,2021.14854
10.03401,1991.30208
10.03819,1959.91737
10.04236,1926.92145
10.04654,1891.84646
10.05071,1854.76800
10.05489,1815.49722
10.05906,1774.05129
10.06324,1730.28915
10.06741,1683.53518
10.07159,1634.01868
10.07576,1581.97566
10.07994,1527.09303
10.08411,1469.31663
10.08829,1408.78142
10.09246,1345.11616
10.09664,1278.14300
10.10081,1208.52704
10.10499,1136.55786
10.10916,1063.01970
10.11334,988.07074
10.11751,911.88470
10.12169,835.14266
10.12586,758.42501
10.13004,683.18572
10.13421,609.97830
10.13839,538.95066
10.14256,471.27262
10.14674,407.35785
10.15091,347.57668
10.15509,292.74500
10.15926,243.51287
10.16344,199.61868
10.16761,160.99785
10.17179,127.32791
10.17596,98.53843
10.18014,74.77327
10.18431,55.62160
10.18849,40.52474
10.19266,28.79986
10.19684,19.80458
10.20101,13.33026
10.20519,8.91551
10.20936,6.26771
10.21354,5.19135
10.21771,5.58973
10.22189,7.38430
10.22606,10.76082
10.24694,15.98640
10.25111,23.23188
10.25529,32.68192
10.25946,44.67487
10.26364,59.73467
10.26781,77.98709
10.27199,99.59245
10.27616,124.83542
10.28034,153.84520
10.28451,186.60126
10.28869,223.30792
10.29286,264.20987
10.29704,309.27390
10.30121,357.86471
10.30539,409.48327
10.30956,464.06452
10.31374,521.64825
10.31791,581.88822
10.32209,644.24698
10.32626,708.09730
10.33044,773.36560
10.33461,839.74709
10.33879,906.84808
10.34296,974.28686
10.34714,1042.07863
10.35131,1109.79913
10.35549,1176.72454
10.35966,1242.35407
10.36384,1307.25882
10.36801,1371.59941
10.37219,1434.57071
10.37636,1495.91878
10.38054,1555.77229
10.38471,1613.82449
10.38889,1670.02800
10.39306,1724.21129
10.39724,1776.61052
10.40141,1827.05796
10.40559,1875.52071
10.40976,1921.88133
10.41394,1965.86688
10.41811,2007.72693
10.42229,2047.76379
10.42646,2085.54746
10.43064,2120.98794
10.43481,2154.74228
10.43899,2186.52239
10.44316,2216.03371
10.44734,2243.81183
10.45151,2269.88683
10.45569,2294.29787
10.45986,2316.86359
10.46404,2337.87823
10.46821,2357.63035
10.47239,2376.06824
10.47656,2393.48220
10.48074,2409.98139
10.48491,2425.58767
10.48909,2440.66784
10.49326,2455.39059
10.49744,2469.65402
10.50161,2483.52574
10.50579,2497.15853
10.50996,2510.56390
10.51414,2523.74017
10.51831,2536.70433
10.52249,2549.35775
10.52666,2561.47014
10.53084,2572.69215
10.53501,2582.90638
10.53919,2591.93333
10.54336,2599.47406
10.54754,2605.12167
10.55171,2608.49977
10.55589,2609.24902
10.56006,2606.82142
10.56424,2600.70912
10.56841,2590.72708
10.57259,2576.69546
10.57676,2558.49317
10.58094,2536.36619
10.58511,2510.98876
10.58929,2483.64576
10.59346,2455.79538
10.59764,2428.89339
10.60181,2404.69842
10.60599,2384.87957
10.61016,2370.89754
10.61434,2364.03763
10.61851,2365.83617
10.62269,2377.06310
10.62686,2398.44769
10.63104,2429.72689
10.63521,2470.43651
10.63939,2520.63198
10.64356,2579.85907
10.64774,2647.34919
10.65191,2721.69929
10.65609,2801.31666
10.66026,2884.26510
10.66444,2968.42735
10.66861,3052.58524
10.67279,3135.42911
10.67696,3215.42868
10.68114,3291.05419
10.68531,3362.03522
10.68949,3428.47043
10.69366,3490.77234
10.69784,3549.32280
10.70201,3604.10984
10.70619,3655.47048
10.71036,3703.65059
10.71454,3749.11074
10.71871,3792.18739
10.72289,3833.23649
10.72706,3872.58780
10.73124,3909.97165
10.73541,3945.47399
10.73959,3979.19417
10.74376,4011.09818
10.74794,4040.92332
10.75211,4068.13377
10.75629,4092.48805
10.76046,4113.95495
10.76464,4132.32019
10.76881,4147.21001
10.77299,4158.24927
10.77716,4164.99940
10.78134,4167.37386
10.78551,4165.19960
10.78969,4158.32797
10.79386,4146.48479
10.79804,4129.52373
10.80221,4107.51405
10.80639,4080.46276
10.81056,4048.25201
10.81474,4010.41213
10.81891,3966.83659
10.82309,3918.04938
10.82726,3863.87789
10.83144,3803.61246
10.83561,3737.47132
10.83979,3665.86559
10.84396,3588.78162
10.84814,3506.56015
10.85231,3420.21411
10.85649,3330.60884
10.86066,3238.60094
10.86484,3145.95025
10.86901,3054.61304
10.87319,2966.50116
10.87736,2883.91321
10.88154,2808.60136
10.88571,2741.33062
10.88989,2683.37552
10.89406,2636.31120
10.89824,2600.97191
10.90241,2577.80149
10.90659,2567.40344
10.91076,2569.89854
10.91494,2584.84388
10.91911,2612.06450
10.92329,2651.34690
10.92746,2700.93563
10.93164,2759.08721
10.93581,2824.26414
10.93999,2894.87509
10.94416,2969.75347
10.94834,3047.84055
10.95251,3127.96193
10.95669,3209.12299
10.96086,3290.58432
10.96504,3371.26415
10.96921,3450.05357
10.97339,3527.42045
10.97756,3605.07764
10.98174,3685.21188
10.98591,3772.20395
10.99009,3873.29495
10.99426,3991.97515
10.99844,4128.72246
11.00261,4285.91981
11.00679,4463.03448
11.01096,4656.52464
11.01514,4865.71287
11.01931,5090.38508
11.02349,5330.12405
11.02766,5583.68496
11.03184,5850.23114
11.03601,6129.17281
11.04019,6414.95067
11.04436,6702.69348
11.04854,6987.92892
11.05271,7262.84872
11.05689,7523.53378
11.06106,7768.86411
11.06524,7995.10761
11.06941,8202.79500
11.07359,8396.44882
11.07776,8575.48237
11.08194,8740.03236
11.08611,8889.36825
11.09029,9023.78619
11.09446,9143.52955
11.09864,9247.25174
11.10281,9337.63259
11.10699,9416.05144
11.11116,9482.04162
11.11534,9535.42044
11.11951,9573.90977
11.12369,9597.32447
11.12786,9606.08457
11.13204,9598.66421
11.13621,9573.29987
11.14039,9530.54199
11.14456,9468.43760
11.14874,9385.40285
11.15291,9282.14085
11.15709,9159.87003
11.16126,9018.85172
11.16544,8860.76701
11.16961,8686.58172
11.17379,8494.46534
11.17796,8287.18230
11.18214,8068.48245
11.18631,7838.93271
11.19049,7602.47273
11.19466,7363.93445
11.19884,7128.15476
11.20301,6901.00720
11.20719,6689.95568
11.21136,6502.66946
11.21554,6343.94292
11.21971,6216.96387
11.22389,6123.37986
11.22806,6064.03419
11.23224,6040.32463
11.23641,6053.02445
11.24059,6099.78937
11.24476,6179.38261
11.24894,6291.45778
11.25311,6431.28149
11.25729,6593.59288
11.26146,6773.64063
11.26564,6964.69605
11.26981,7161.18991
11.27399,7356.95174
11.27816,7545.73805
11.28234,7723.90411
11.28651,7891.19026
11.29069,8044.92607
11.29486,8182.09194
11.29904,8300.79749
11.30321,8398.43986
11.30739,8475.96918
11.31156,8534.78133
11.31574,8574.78846
11.31991,8597.46039
11.32409,8603.87032
11.32826,8596.45724
11.33244,8573.59458
11.33661,8535.75168
11.34079,8485.17320
11.34496,8421.97358
11.34914,8344.90707
11.35331,8255.80930
11.35749,8156.18529
11.36166,8048.57491
11.36584,7936.90086
11.37001,7820.13235
11.37419,7696.99235
11.37836,7568.78086
11.38254,7435.69532
11.38671,7298.17063
11.39089,7156.42687
11.39506,7012.60120
11.39924,6866.68176
11.40341,6718.78251
11.40759,6569.86102
11.41176,6420.85096
11.41594,6269.24486
11.42011,6115.70008
11.42429,5964.25362
11.42846,5816.54908
11.43264,5673.77978
11.43681,5536.72512
11.44099,5406.58183
11.44516,5284.51408
11.44934,5170.33782
11.45351,5063.74607
11.45769,4964.86627
11.46186,4874.25859
11.46604,4791.28151
11.47021,4714.26900
11.47439,4641.96366
11.47856,4575.47574
11.48274,4513.88149
11.48691,4452.56280
11.49109,4388.28535
11.49526,4320.66618
11.49944,4249.11188
11.50361,4172.41243
11.50779,4089.51054
11.51196,3999.80314
11.51614,3902.94276
11.52031,3798.78731
11.52449,3688.16720
11.52866,3571.88853
11.53284,3451.46099
11.53701,3329.01768
11.54119,3205.73104
11.54536,3082.60711
11.54954,2961.83837
11.55371,2845.61577
11.55789,2734.12332
11.56206,2628.41352
11.56624,2529.98925
11.57041,2439.47955
11.57459,2357.43714
11.57876,2284.41692
11.58294,2220.91430
11.58711,2166.72588
11.59129,2121.83715
11.59546,2086.00904
11.59964,2058.75536
11.60381,2039.78160
11.60799,2028.52526
11.61216,2024.20571
11.61634,2025.78228
11.62051,2032.50643
11.62469,2043.58572
11.62886,2058.27556
11.63304,2076.15453
11.63721,2096.69377
11.64139,2119.47261
11.64556,2144.05758
11.64974,2170.05462
11.65391,2197.16994
11.65809,2225.30839
11.66226,2254.25470
11.66644,2283.63333
11.67061,2313.25078
11.67479,2342.82777
11.67896,2371.90126
11.68314,2400.54257
11.68731,2428.87229
11.69149,2456.45958
11.69566,2482.89216
11.69984,2507.88955
11.70401,2531.09425
11.70819,2552.26064
11.71236,2571.17396
11.71654,2587.59650
11.72071,2601.14109
11.72489,2611.41475
11.72906,2618.23096
11.73324,2621.23448
11.73741,2620.22033
11.74159,2615.18230
11.74576,2605.62011
11.74994,2591.32236
11.75411,2572.34073
11.75829,2548.23828
11.76246,2518.91489
11.76664,2484.61267
11.77081,2445.14838
11.77499,2400.60834
11.77916,2351.17188
11.78334,2296.85555
11.78751,2237.45960
11.79169,2173.57486
11.79586,2105.60419
11.80004,2033.56146
11.80421,1958.07655
11.80839,1879.47389
11.81256,1797.91844
11.81674,1713.92921
11.82091,1628.48495
11.82509,1541.99777
11.82926,1454.42849
11.83344,1366.72846
11.83761,1279.31206
11.84179,1192.63877
11.84596,1107.23840
11.85014,1024.13537
11.85431,943.19801
11.85849,865.00083
11.86266,790.17759
11.86684,718.39248
11.87101,650.24965
11.87519,586.20043
11.87936,526.25238
11.88354,470.33497
11.88771,418.54433
11.89189,371.21134
11.89606,328.08286
11.90024,288.88503
11.90441,253.41202
11.90859,221.62938
11.91276,193.20164
11.91694,168.16720
11.92111,146.10139
11.92529,126.61899
11.92946,109.73357
11.93364,95.12649
11.93781,82.36862
11.94199,71.21382
11.94616,61.49597
11.95034,53.20755
11.95451,46.11893
11.95869,39.92966
11.96286,34.62582
11.96704,30.06847
11.97121,26.10125
11.97539,22.61394
11.97956,19.55548
11.98374,16.90571
11.98791,14.62458
11.99209,12.61673
11.99626,10.84478
12.00044,9.32060
12.00461,8.12026
12.00879,7.20751
12.01296,6.35798
12.01714,5.59820
12.02131,4.96813
12.02549,4.41338
12.02966,3.96129
12.03384,3.63264
12.03801,3.36450
12.04219,3.13538
12.04636,2.87718
12.05054,2.58660
12.05471,2.38411
12.05889,2.30098
12.06306,2.25881
12.06724,2.12335
12.07141,1.93816
12.07559,1.83540
12.07976,1.73644
12.08811,1.55021
12.09229,1.37033
12.09646,1.27102
12.10064,1.18799
12.10899,1.07739
12.11316,0.97653
12.11734,0.97494
12.12151,1.05811
12.13404,1.06809
12.13821,1.01560
12.14239,1.02407
12.14656,1.14574
12.15074,1.26139
12.15491,1.28115
12.15909,1.21304
12.16326,1.20634
12.16744,1.27140
12.17161,1.31831
12.17579,1.35550
12.17996,1.41417
12.18414,1.46646
12.18831,1.50706
12.19249,1.49508
12.19666,1.52319
12.20084,1.49844
12.20501,1.40790
12.20919,1.27721
12.21336,1.19180
12.21754,1.29709
12.22171,1.48920
12.22589,1.54411
12.23006,1.49554
12.23424,1.42273
12.23841,1.34433
12.24676,1.29544
12.25094,1.24393
12.25511,1.11722
12.25929,1.05098
12.26346,1.12680
12.26764,1.29415
12.27181,1.43735
12.27599,1.46352
12.28016,1.41245
12.28434,1.25738
12.28851,1.09696
12.29269,1.04395
12.29686,1.02791
12.30104,1.00140
12.30521,0.96762
12.30939,0.96756
12.31356,0.94057
12.31774,0.96841
12.32191,0.97930
12.32609,0.88605
12.33026,0.77612
12.33444,0.66840
12.33861,0.73295
12.34279,0.85743
12.34696,0.88564
12.35114,0.89104
12.35949,0.89471
12.36366,0.88320
12.36784,0.93119
12.37201,1.04401
12.37619,1.09330
12.38036,1.09278
12.38454,1.06444
12.38871,1.11019
12.39289,1.22355
12.39706,1.24799
12.40124,1.28153
12.40541,1.30631
12.40959,1.31423
12.41376,1.35712
12.41794,1.36095
12.42211,1.40913
12.42629,1.46881
12.43046,1.43211
12.43464,1.30315
12.43881,1.21323
12.44299,1.24695
12.44716,1.33126
12.45134,1.39108
12.45551,1.39980
12.45969,1.53567
12.46386,1.72196
12.46804,1.82035
12.47221,1.87249
12.47639,1.93397
12.48056,2.04445
12.48474,2.09783
12.48891,2.20025
12.49309,2.41048
12.49726,2.65053
12.50144,2.88881
12.50561,3.05788
12.50979,3.21021
12.51396,3.32894
12.51814,3.45268
12.52231,3.51800
12.52649,3.62642
12.53066,3.81166
12.53484,4.05804
12.53901,4.34477
12.54319,4.76127
12.54736,5.34725
12.55154,5.99034
12.55571,6.56944
12.55989,7.19599
12.56406,7.94539
12.56824,8.83343
12.57241,9.83173
12.57659,10.99465
12.58076,12.31982
12.58494,13.85638
12.58911,15.61585
12.59329,17.56429
12.59746,19.64699
12.60164,21.89053
12.60581,24.27301
12.60999,26.87135
12.61416,29.70934
12.61834,32.94756
12.62251,36.47965
12.62669,40.28510
12.63086,44.56394
12.63504,49.25467
12.63921,54.41938
12.64339,59.93500
12.64756,65.85747
12.65174,72.27451
12.65591,79.33988
12.66009,87.19804
12.66426,95.76673
12.66844,105.15655
12.67261,115.32834
12.67679,126.36210
12.68096,138.29255
12.68514,151.28333
12.68931,165.42324
12.69349,180.67361
12.69766,197.11656
12.70184,214.75818
12.70601,233.72541
12.71019,253.91179
12.71436,275.22687
12.71854,297.81537
12.72271,321.77892
12.72689,347.22953
12.73106,374.18321
12.73524,402.57970
12.73941,432.48686
12.74359,463.87553
12.74776,496.70227
12.75194,530.95256
12.75611,566.62461
12.76029,603.78035
12.76446,642.15938
12.76864,681.63152
12.77281,722.19694
12.77699,763.91558
12.78116,806.95681
12.78534,850.99819
12.78951,895.88833
12.79369,941.48573
12.79786,988.01682
12.80204,1035.22500
12.80621,1083.06677
12.81039,1131.74965
12.81456,1180.96710
12.81874,1230.56160
12.82291,1280.72864
12.82709,1331.68817
12.83126,1383.20965
12.83544,1435.44254
12.83961,1488.49172
12.84379,1541.80411
12.84796,1595.60299
12.85214,1650.04829
12.85631,1705.24073
12.86049,1760.99958
12.86466,1817.29547
12.86884,1874.22835
12.87301,1931.68320
12.87719,1989.76274
12.88136,2048.64430
12.88554,2108.23418
12.88971,2168.49339
12.89389,2229.53097
12.89806,2291.74231
12.90224,2354.79270
12.90641,2418.85664
12.91059,2484.13980
12.91476,2550.46167
12.91894,2617.56543
12.92311,2685.64159
12.92729,2754.62502
12.93146,2824.11252
12.93564,2893.98619
12.93981,2964.74432
12.94399,3035.96176
12.94816,3107.54250
12.95234,3179.63802
12.95651,3252.42690
12.96069,3325.17712
12.96486,3398.01615
12.96904,3470.88487
12.97321,3543.34622
12.97739,3615.61869
12.98156,3687.95292
12.98574,3760.39262
12.98991,3832.87461
12.99409,3905.85139
12.99826,3979.92207
13.00244,4054.49998
13.00661,4129.76179
13.01079,4206.45042
13.01496,4284.26146
13.01914,4363.37129
13.02331,4444.90975
13.02749,4528.83005
13.03166,4615.67226
13.03584,4706.32109
13.04001,4800.45340
13.04419,4898.73989
13.04836,5001.41734
13.05254,5108.19362
13.05671,5219.76469
13.06089,5335.44996
13.06506,5455.91143
13.06924,5581.68318
13.07341,5711.22338
13.07759,5844.88747
13.08176,5982.37194
13.08594,6122.80131
13.09011,6265.24481
13.09429,6409.05378
13.09846,6553.71327
13.10264,6698.86110
13.10681,6842.91760
13.11099,6985.86006
13.11516,7127.82777
13.11934,7267.89358
13.12351,7407.02236
13.12769,7544.62305
13.13186,7681.20575
13.13604,7817.00944
13.14021,7951.55554
13.14439,8085.85654
13.14856,8219.40043
13.15274,8352.30983
13.15691,8484.25535
13.16109,8613.99150
13.16526,8740.63512
13.16944,8864.55243
13.17361,8986.05668
13.17779,9106.42374
13.18196,9225.58581
13.18614,9343.48525
13.19031,9460.87305
13.19449,9576.48655
13.19866,9691.06604
13.20284,9805.65509
13.20701,9921.50234
13.21119,10040.97751
13.21536,10166.00579
13.21954,10297.85190
13.22371,10439.97717
13.22789,10594.02443
13.23206,10759.99865
13.23624,10936.98915
13.24041,11123.84380
13.24459,11322.68216
13.24876,11540.36824
13.25294,11779.55766
13.25711,12039.42317
13.26129,12320.60344
13.26546,12627.23957
13.26964,12957.78012
13.27381,13311.93766
13.27799,13694.36613
13.28216,14103.04481
13.28634,14535.00532
13.29051,14987.48749
13.29469,15455.93451
13.29886,15940.11546
13.30304,16435.51488
13.30721,16935.98285
13.31139,17434.27949
13.31556,17926.96036
13.31974,18418.66908
13.32391,18906.80412
13.32809,19379.15542
13.33226,19829.98777
13.33644,20254.09174
13.34061,20645.98789
13.34479,21007.94157
13.34896,21339.79751
13.35314,21643.33350
13.35731,21925.66649
13.36149,22189.64539
13.36566,22442.96572
13.36984,22684.77929
13.37401,22910.91711
13.37819,23120.87706
13.38236,23309.46769
13.38654,23477.61536
13.39071,23635.85743
13.39489,23788.79452
13.39906,23938.14897
13.40324,24081.42802
13.40741,24214.16943
13.41159,24334.13943
13.41576,24440.15308
13.41994,24527.48216
13.42411,24594.62506
13.42829,24639.27605
13.43246,24667.53333
13.43664,24687.28403
13.44081,24698.24659
13.44499,24693.14316
13.44916,24672.16853
13.45334,24627.67002
13.45751,24558.28117
13.46169,24463.75831
13.46586,24343.46996
13.47004,24199.27035
13.47421,24030.35842
13.47839,23832.40674
13.48256,23607.68814
13.48674,23355.74884
13.49091,23070.53788
13.49509,22747.09414
13.49926,22374.43589
13.50344,21952.28237
13.50761,21488.97217
13.51179,20981.72565
13.51596,20436.03991
13.52014,19858.89338
13.52431,19253.37649
13.52849,18626.22648
13.53266,17983.06539
13.53684,17330.99198
13.54101,16683.27717
13.54519,16046.34013
13.54936,15426.62130
13.55354,14838.48755
13.55771,14294.12197
13.56189,13811.87817
13.56606,13402.61222
13.57024,13069.39450
13.57441,12820.28040
13.57859,12667.85156
13.58276,12621.10742
13.58694,12687.89200
13.59111,12852.93761
13.59529,13112.62099
13.59946,13468.22040
13.60364,13918.67189
13.60781,14457.14157
13.61199,15065.84007
13.61616,15726.63634
13.62034,16422.78570
13.62451,17136.67905
13.62869,17852.08651
13.63286,18563.54802
13.63704,19265.39824
13.64121,19942.99344
13.64539,20581.21320
13.64956,21169.22297
13.65374,21718.50388
13.65791,22226.04295
13.66209,22686.09039
13.66626,23092.62552
13.67044,23445.14425
13.67461,23751.27634
13.67879,24018.50251
13.68296,24253.25783
13.68714,24460.82862
13.69131,24648.26891
13.69549,24818.32046
13.69966,24969.13686
13.70384,25098.63528
13.70801,25209.32560
13.71219,25303.31333
13.71636,25381.81723
13.72054,25453.29069
13.72471,25523.13796
13.72889,25586.49579
13.73306,25639.31904
13.73724,25684.74230
13.74141,25721.34201
13.74559,25752.19701
13.74976,25777.20530
13.75394,25790.89942
13.75811,25791.48617
13.76229,25779.00623
13.76646,25753.24904
13.77064,25713.58763
13.77481,25660.64290
13.77899,25593.39150
13.78316,25503.87558
13.78734,25385.17370
13.79151,25240.93742
13.79569,25075.26901
13.79986,24887.16720
13.80404,24678.90425
13.80821,24449.69999
13.81239,24200.06715
13.81656,23933.70573
13.82074,23647.43373
13.82491,23339.06026
13.82909,23013.57309
13.83326,22671.98545
13.83744,22316.21750
13.84161,21945.21557
13.84579,21561.81781
13.84996,21168.42897
13.85414,20761.91477
13.85831,20340.32071
13.86249,19903.02887
13.86666,19452.17890
13.87084,18984.97062
13.87501,18499.09572
13.87919,17996.30951
13.88336,17481.68890
13.88754,16960.21731
13.89171,16431.47569
13.89589,15899.37206
13.90006,15366.39800
13.90424,14834.45770
13.90841,14308.36030
13.91259,13793.10891
13.91676,13296.04157
13.92094,12822.48209
13.92511,12374.72775
13.92929,11952.07641
13.93346,11555.18697
13.93764,11184.12501
13.94181,10837.69457
13.94599,10514.65147
13.95016,10214.89037
13.95434,9936.40096
13.95851,9674.57584
13.96269,9424.46426
13.96686,9185.47766
13.97104,8953.09249
13.97521,8722.93094
13.97939,8492.68445
13.98356,8261.40348
13.98774,8029.86038
13.99191,7798.14470
13.99609,7568.69862
14.00026,7345.35919
14.00444,7129.46023
14.00861,6922.71725
14.01279,6726.17208
14.01696,6540.92323
14.02114,6365.82760
14.02531,6201.03581
14.02949,6046.16822
14.03366,5900.18559
14.03784,5763.06081
14.04201,5634.41670
14.04619,5512.43320
14.05036,5396.31794
14.05454,5285.45566
14.05871,5178.88316
14.06289,5075.38024
14.06706,4974.44715
14.07124,4875.61955
14.07541,4777.50413
14.07959,4679.74549
14.08376,4582.40488
14.08794,4485.27974
14.09211,4387.72653
14.09629,4289.78414
14.10046,4191.32693
14.10464,4091.59752
14.10881,3991.15201
14.11299,3889.26627
14.11716,3785.11496
14.12134,3679.42958
14.12551,3572.27296
14.12969,3462.33139
14.13386,3349.84275
14.13804,3235.31409
14.14221,3118.33541
14.14639,2998.43341
14.15056,2875.89646
14.15474,2751.43068
14.15891,2624.05949
14.16309,2494.07327
14.16726,2362.04500
14.17144,2223.63066
14.17561,2065.48106
14.17979,1909.74500
14.18396,1759.47535
14.18814,1612.59897
14.19231,1469.12649
14.19649,1328.89425
14.20066,1191.59180
14.20484,1057.75544
14.20901,928.83320
14.21319,805.39567
14.21736,688.07702
14.22154,578.81031
14.22571,477.79835
14.22989,385.63059
14.23406,306.90508
14.23824,255.25508
14.24241,209.58818
14.24659,166.47140
14.25076,127.81399
14.25494,94.76031
14.25911,67.34811
14.26329,45.86988
14.26746,30.28472
14.27164,19.74969
14.27581,13.26386
14.27999,10.04041
14.28416,9.64093
14.28834,12.01241
14.29251,16.94783
14.29669,24.81678
14.30086,36.38103
14.30504,52.53042
14.30921,74.14761
14.31339,101.98266
14.31756,137.05380
14.32174,180.08351
14.32591,231.30851
14.33009,291.90873
14.33426,362.16678
14.33844,441.62721
14.34261,530.62337
14.34679,628.72213
14.35096,735.17544
14.35514,850.78920
14.35931,974.61140
14.36349,1105.90074
14.36766,1242.99671
14.37184,1384.45289
14.37601,1530.26388
14.38019,1678.98835
14.38436,1829.67541
14.38854,1982.19289
14.39271,2134.61753
14.39689,2286.63239
14.40106,2438.87458
14.40524,2590.30144
14.40941,2740.75300
14.41359,2890.16315
14.41776,3036.78105
14.42194,3181.12084
14.42611,3323.23523
14.43029,3463.25929
14.43446,3601.79991
14.43864,3737.96041
14.44281,3872.52282
14.44699,4005.35816
14.45116,4135.91100
14.45534,4265.03668
14.45951,4392.56910
14.46369,4518.48936
14.46786,4644.06304
14.47204,4769.03191
14.47621,4892.82858
14.48039,5016.13597
14.48456,5139.05330
14.48874,5261.32940
14.49291,5383.56904
14.49709,5506.35524
14.50126,5630.07281
14.50544,5755.01647
14.50961,5880.90766
14.51379,6008.54575
14.51796,6137.84179
14.52214,6269.08916
14.52631,6403.03499
14.53049,6538.49280
14.53466,6675.88018
14.53884,6816.79757
14.54301,6960.74751
14.54719,7107.40771
14.55136,7255.72938
14.55554,7405.63119
14.55971,7556.87277
14.56389,7707.98043
14.56806,7858.42410
14.57224,8008.44680
14.57641,8156.18100
14.58059,8300.96213
14.58476,8441.75930
14.58894,8576.67742
14.59311,8704.99414
14.59729,8825.83871
14.60146,8937.27169
14.60564,9038.94584
14.60981,9130.30620
14.61399,9211.84331
14.61816,9282.82686
14.62234,9342.33223
14.62651,9391.13169
14.63069,9428.88832
14.63486,9456.06274
14.63904,9474.54396
14.64321,9485.10098
14.64739,9488.85558
14.65156,9487.72728
14.65574,9483.60315
14.65991,9477.19967
14.66409,9469.50896
14.66826,9461.05338
14.67244,9452.07265
14.67661,9443.57026
14.68079,9435.81769
14.68496,9428.62417
14.68914,9421.98095
14.69331,9415.35674
14.69749,9407.59595
14.70166,9397.26864
14.70584,9382.99228
14.71001,9363.32470
14.71419,9335.53008
14.71836,9298.34321
14.72254,9250.60865
14.72671,9191.50666
14.73089,9120.64983
14.73506,9037.62132
14.73924,8940.89705
14.74341,8831.63985
14.74759,8710.08491
14.75176,8575.23040
14.75594,8429.04333
14.76011,8272.55856
14.76429,8107.02454
14.76846,7933.40383
14.77264,7752.36102
14.77681,7567.07622
14.78099,7378.61455
14.78516,7187.55372
14.78934,6995.21605
14.79351,6802.06575
14.79769,6608.23421
14.80186,6414.99838
14.80604,6222.15322
14.81021,6029.33608
14.81439,5837.49920
14.81856,5645.87549
14.82274,5454.46971
14.82691,5261.97314
14.83109,5068.24164
14.83526,4874.01831
14.83944,4678.59869
14.84361,4480.70117
14.84779,4279.27657
14.85196,4072.92278
14.85614,3862.76712
14.86031,3649.62017
14.86449,3432.65431
14.86866,3211.20449
14.87284,2986.22061
14.87701,2758.21469
14.88119,2528.00322
14.88536,2296.20824
14.88954,2066.22998
14.89371,1840.44492
14.89789,1620.84521
14.90206,1409.54381
14.90624,1209.58847
14.91041,1024.07014
14.91459,854.74668
14.91876,701.10477
14.92294,563.10452
14.92711,441.55551
14.93129,336.63330
14.93546,248.44679
14.93964,177.66526
14.94381,124.11887
14.94799,89.17200
14.95216,73.48199
14.95634,77.78523
14.96051,102.58822
14.96469,147.52244
14.96886,211.75399
14.97304,294.19388
14.97721,393.72262
14.98139,510.89149
14.98556,645.49662
14.98974,795.13155
14.99391,959.18719
14.99809,1137.94881
15.00226,1329.90974
15.00644,1533.23124
15.01061,1745.90261
15.01479,1964.77355
15.01896,2185.10159
15.02314,2403.71823
15.02731,2617.49827
15.03149,2824.49203
15.03566,3024.96868
15.03984,3218.08719
15.04401,3403.11158
15.04819,3579.70514
15.05236,3749.54485
15.05654,3913.04955
15.06071,4068.32121
15.06489,4215.90448
15.06906,4356.23861
15.07324,4488.75483
15.07741,4612.97366
15.08159,4730.16857
15.08576,4840.53781
15.08994,4944.23549
15.09411,5041.31863
15.09829,5130.88467
15.10246,5213.50162
15.10664,5288.20278
15.11081,5354.88827
15.11499,5413.71913
15.11916,5464.23956
15.12334,5506.98080
15.12751,5541.55329
15.13169,5567.66846
15.13586,5585.00378
15.14004,5593.46517
15.14421,5593.11396
15.14839,5583.00191
15.15256,5562.34381
15.15674,5530.93972
15.16091,5488.24087
15.16509,5433.38071
15.16926,5365.95021
15.17344,5285.81684
15.17761,5192.50068
15.18179,5085.06306
15.18596,4964.12071
15.19014,4828.12769
15.19431,4677.21792
15.19849,4509.51209
15.20266,4326.29388
15.20684,4128.97827
15.21101,3917.14406
15.21519,3691.45012
15.21936,3451.41044
15.22354,3199.96558
15.22771,2939.78215
15.23189,2673.40876
15.23606,2405.40598
15.24024,2139.44732
15.24441,1880.64332
15.24859,1631.56929
15.25276,1396.33208
15.25694,1177.08480
15.26111,977.64230
15.26529,798.44656
15.26946,639.92148
15.27364,505.83051
15.27781,400.08733
15.28199,328.01461
15.28616,289.92292
15.29034,288.01879
15.29451,324.34079
15.29869,394.13868
15.30286,493.91953
15.30704,620.45690
15.31121,771.66377
15.31539,943.82790
15.31956,1134.01738
15.32374,1340.75117
15.32791,1560.80476
15.33209,1791.58678
15.33626,2030.06047
15.34044,2271.27609
15.34461,2509.85657
15.34879,2742.70470
15.35296,2964.78437
15.35714,3171.04217
15.36131,3360.91310
15.36549,3533.64752
15.36966,3687.23459
15.37384,3820.02311
15.37801,3932.26392
15.38219,4023.06468
15.38636,4091.37632
15.39054,4138.20913
15.39471,4162.46973
15.39889,4163.25229
15.40306,4140.75152
15.40724,4094.55346
15.41141,4023.26381
15.41559,3927.27717
15.41976,3806.93867
15.42394,3662.36060
15.42811,3496.35719
15.43229,3311.17120
15.43646,3106.94888
15.44064,2888.42748
15.44481,2662.02252
15.44899,2431.87545
15.45316,2201.26808
15.45734,1976.48632
15.46151,1762.82731
15.46569,1564.84140
15.46986,1387.13260
15.47404,1235.13410
15.47821,1113.37734
15.48239,1026.41433
15.48656,977.12872
15.49074,964.51420
15.49491,989.71023
15.49909,1053.13082
15.50326,1150.81830
15.50744,1278.21655
15.51161,1430.90244
15.51579,1603.72062
15.51996,1790.69312
15.52414,1986.72094
15.52831,2185.99035
15.53249,2382.66502
15.53666,2570.70855
15.54084,2744.05208
15.54501,2896.77651
15.54919,3025.25370
15.55336,3126.37893
15.55754,3196.19927
15.56171,3234.07224
15.56589,3239.57468
15.57006,3211.88556
15.57424,3154.30510
15.57841,3071.73706
15.58259,2968.09319
15.58676,2847.43268
15.59094,2715.85356
15.59511,2579.97905
15.59929,2446.18352
15.60346,2320.40740
15.60764,2208.39476
15.61181,2115.18352
15.61599,2045.79295
15.62016,2005.32956
15.62434,1997.97926
15.62851,2024.82645
15.63269,2087.91474
15.63686,2186.23223
15.64104,2315.03930
15.64521,2469.54997
15.64939,2643.80986
15.65356,2830.58957
15.65774,3022.87313
15.66191,3213.70686
15.66609,3398.18008
15.67026,3574.06322
15.67444,3740.41609
15.67861,3899.22206
15.68279,4054.83228
15.68696,4212.77623
15.69114,4380.07962
15.69531,4563.89903
15.69949,4768.82641
15.70366,4996.29893
15.70784,5243.52399
15.71201,5505.09582
15.71619,5775.93943
15.72036,6052.42519
15.72454,6334.38446
15.72871,6620.93952
15.73289,6908.62735
15.73706,7193.51682
15.74124,7470.46307
15.74541,7290.33018
15.74959,7090.38025
15.75376,6865.75435
15.75794,6608.05985
15.76211,6309.65470
15.76629,5971.62217
15.77046,5599.73555
15.83726,5204.17261
15.84144,4795.16598
15.84561,4379.79016
15.84979,3961.04720
15.85396,3538.77557
15.85814,3116.89801
15.86231,2698.34659
15.86649,2284.95767
15.87066,2319.80860
15.87484,2356.75328
15.87901,2392.48535
15.88319,2427.79421
15.88736,2465.61297
15.89154,2507.27867
15.89571,2555.86400
15.89989,2611.45201
15.90406,2673.05282
15.90824,2741.78469
15.91241,2819.21691
15.91659,2910.35732
15.92076,3015.10829
15.92494,3134.36891
15.92911,3272.57794
15.93329,3436.38542
15.93746,3631.06618
15.94164,3867.22285
15.94581,4157.67717
15.94999,4514.72320
15.95416,4952.17614
15.95834,5483.00737
15.96251,6114.59308
15.96669,6858.44788
15.97086,6225.66852
15.97504,7087.94282
15.97921,8138.77486
15.98339,9410.89113
15.98756,10923.43549
15.99174,12567.99535
15.99591,14388.72019
16.00009,15841.08097
