B_T,Rxy_he2
3.039277452235093491e-01,5.345577517258713607e-02
3.165578172012520342e-01,5.388755737795715428e-02
3.291878891789947192e-01,5.438438451467955681e-02
3.418179611567374598e-01,5.494801746588856561e-02
3.544480331344801449e-01,5.558021711471840265e-02
3.670781051122229410e-01,5.628274434430330375e-02
3.797081770899656261e-01,5.705736003777749088e-02
3.923382490677083112e-01,5.790582507827517905e-02
4.049683210454509963e-01,5.882990034893061104e-02
4.175983930231937369e-01,5.983134673287800187e-02
4.302284650009364775e-01,6.091192511325158043e-02
4.428585369786791071e-01,6.207339637318557563e-02
4.554886089564219032e-01,6.331752139581421635e-02
4.681186809341645882e-01,6.464606106427170373e-02
4.807487529119073288e-01,6.606077626169228056e-02
4.933788248896500139e-01,6.756342787121019655e-02
5.060088968673926990e-01,6.915577677595963202e-02
5.186389688451354951e-01,7.083958385907486444e-02
5.312690408228780692e-01,7.261661000369003249e-02
5.438991128006208653e-01,7.448861609293948305e-02
5.565291847783635504e-01,7.645736300995732704e-02
5.691592567561063465e-01,7.852461163787785581e-02
5.817893287338490316e-01,8.069212285983527744e-02
5.944194007115917167e-01,8.296165755896384164e-02
6.070494726893345128e-01,8.533497661839774262e-02
6.196795446670770868e-01,8.781384092127118846e-02
6.323096166448198829e-01,9.040001135071847049e-02
6.449396886225625680e-01,9.309524878987375518e-02
6.575697606003052531e-01,9.590131412187129223e-02
6.701998325780480492e-01,9.881996822984530360e-02
6.828299045557907343e-01,1.018529719969300112e-01
6.954599765335334194e-01,1.050020863062596649e-01
7.080900485112761045e-01,1.082690720409684448e-01
7.207201204890189006e-01,1.116556900841906147e-01
7.333501924667615857e-01,1.151637013190603964e-01
7.459802644445042707e-01,1.187948666287119981e-01
7.586103364222469558e-01,1.225509468962796417e-01
7.712404083999896409e-01,1.264337030048975630e-01
7.838704803777324370e-01,1.304448958376999979e-01
7.965005523554751221e-01,1.345862862778211821e-01
8.091306243332179182e-01,1.388596352083953378e-01
8.217606963109606033e-01,1.432667035125566313e-01
8.343907682887032884e-01,1.478092520734393400e-01
8.470208402664459735e-01,1.524890417741776860e-01
8.596509122441886586e-01,1.573078334979059190e-01
8.722809842219314547e-01,1.622673881277582331e-01
8.849110561996740287e-01,1.673694665468687670e-01
8.975411281774168248e-01,1.726158296383719370e-01
9.101712001551596209e-01,1.780082382854018819e-01
9.228012721329023060e-01,1.835484533710927402e-01
9.354313441106448801e-01,1.892382357785787894e-01
9.480614160883876762e-01,1.950793463909943626e-01
9.606914880661304723e-01,2.010735460914736261e-01
9.733215600438730464e-01,2.072225957631506632e-01
9.859516320216158425e-01,2.135282562891599456e-01
9.985817039993586386e-01,2.199922885526355010e-01
1.011211775977101324e+00,2.294648275311470531e-01
1.023841847954843898e+00,2.500000000000000000e-01
1.036471919932586694e+00,2.500000000000000000e-01
1.049101991910329490e+00,2.530083768677238720e-01
1.061732063888072064e+00,2.920758360708849422e-01
1.074362135865814860e+00,2.946042673737043760e-01
1.086992207843557434e+00,2.967028474124941972e-01
1.099622279821300230e+00,2.984168227535378137e-01
1.112252351799042804e+00,2.997914399631183002e-01
1.124882423776785600e+00,3.008719456075190091e-01
1.137512495754528397e+00,3.017035862530231261e-01
1.150142567732270971e+00,3.023316084659138370e-01
1.162772639710013767e+00,3.028012588124743831e-01
1.175402711687756563e+00,3.031577838589880058e-01
1.188032783665499359e+00,3.034464301717380019e-01
1.200662855643241933e+00,3.037124443170074461e-01
1.213292927620984729e+00,3.040010728610796353e-01
1.225922999598727525e+00,3.043575623702378663e-01
1.238553071576470099e+00,3.048271594107652138e-01
1.251183143554212895e+00,3.054551105489450857e-01
1.263813215531955469e+00,3.062866623510605013e-01
1.276443287509698266e+00,3.073670613833948684e-01
1.289073359487440840e+00,3.087415542122313172e-01
1.301703431465183636e+00,3.104553874038530892e-01
1.314333503442926432e+00,3.125578994916287656e-01
1.326963575420669006e+00,3.206744370861158711e-01
1.339593647398411802e+00,3.311775236211677576e-01
1.352223719376154376e+00,3.333333333333333148e-01
1.364853791353897172e+00,3.333333333333333148e-01
1.377483863331639746e+00,3.333333333333333148e-01
1.390113935309382542e+00,3.333333333333333148e-01
1.402744007287125338e+00,3.333333333333333148e-01
1.415374079264868135e+00,3.373361853373933461e-01
1.428004151242610931e+00,3.771354155701227007e-01
1.440634223220353505e+00,4.144487421996747578e-01
1.453264295198096301e+00,4.189951874379257424e-01
1.465894367175838875e+00,4.217244522327011080e-01
1.478524439153581671e+00,4.242018663706534909e-01
1.491154511131324467e+00,4.264417321434804120e-01
1.503784583109067041e+00,4.284583518428795590e-01
1.516414655086809837e+00,4.302660277605484529e-01
1.529044727064552411e+00,4.318790621881848368e-01
1.541674799042295207e+00,4.333117574174861764e-01
1.554304871020037782e+00,4.345784157401502146e-01
1.566934942997780578e+00,4.356933394478745836e-01
1.579565014975523374e+00,4.366708308323568044e-01
1.592195086953265948e+00,4.375251921852945647e-01
1.604825158931008744e+00,4.382707257983854410e-01
1.617455230908751318e+00,4.389217339633270099e-01
1.630085302886494114e+00,4.394925189718169589e-01
1.642715374864236910e+00,4.399973831155529203e-01
1.655345446841979706e+00,4.404506286862324149e-01
1.667975518819722502e+00,4.408665579755531860e-01
1.680605590797465076e+00,4.412594732752128102e-01
1.693235662775207873e+00,4.416436768769087529e-01
1.705865734752950447e+00,4.420334710723388683e-01
1.718495806730693243e+00,4.424431581532006774e-01
1.731125878708435817e+00,4.428870404111917569e-01
1.743755950686178391e+00,4.433794201380096833e-01
1.756386022663921409e+00,4.439345996253521998e-01
1.769016094641663983e+00,4.445668811649168828e-01
1.781646166619407001e+00,4.452905670484012535e-01
1.794276238597149575e+00,4.461199595675030549e-01
1.806906310574892149e+00,4.470693610139198637e-01
1.819536382552634723e+00,4.481530736793492009e-01
1.832166454530377520e+00,4.493853998554888096e-01
1.844796526508120316e+00,4.507806418340363219e-01
1.857426598485863112e+00,4.523531019066893144e-01
1.870056670463605908e+00,4.541170823651453636e-01
1.882686742441348704e+00,4.560868855011020462e-01
1.895316814419091278e+00,4.582768136062571607e-01
1.907946886396833852e+00,4.622990302109041272e-01
1.920576958374576426e+00,4.690886803884555811e-01
1.933207030352319444e+00,4.773720736178879154e-01
1.945837102330062018e+00,4.858743832209874158e-01
1.958467174307804592e+00,4.933207825195413676e-01
1.971097246285547611e+00,4.984364448353363897e-01
1.983727318263290185e+00,5.000000000000000000e-01
1.996357390241032759e+00,5.000000000000000000e-01
2.008987462218775555e+00,5.000000000000000000e-01
2.021617534196518573e+00,5.000000000000000000e-01
2.034247606174261147e+00,5.000000000000000000e-01
2.046877678152003721e+00,5.000000000000000000e-01
2.059507750129746739e+00,5.000000000000000000e-01
2.072137822107489313e+00,5.000000000000000000e-01
2.084767894085231887e+00,5.000000000000000000e-01
2.097397966062974461e+00,5.000000000000000000e-01
2.110028038040717480e+00,5.000000000000000000e-01
2.122658110018460054e+00,5.000000000000000000e-01
2.135288181996202628e+00,5.000000000000000000e-01
2.147918253973945646e+00,5.000000000000000000e-01
2.160548325951688220e+00,5.006485416259603971e-01
2.173178397929430794e+00,5.053095315949391875e-01
2.185808469907173368e+00,5.132449002220866863e-01
2.198438541884916386e+00,5.230016410982797348e-01
2.211068613862658960e+00,5.331267478143945082e-01
2.223698685840401534e+00,5.421672139613081809e-01
2.236328757818144553e+00,5.486700331298973721e-01
2.248958829795887127e+00,5.521194137567024818e-01
2.261588901773629701e+00,5.547695750296322004e-01
2.274218973751372275e+00,5.569271345167875475e-01
2.286849045729115293e+00,5.587061099569409217e-01
2.299479117706857867e+00,5.602205190888651654e-01
2.312109189684600441e+00,5.615843796513332320e-01
2.324739261662343459e+00,5.629117093831176311e-01
2.337369333640086033e+00,5.643165260229914271e-01
2.349999405617828607e+00,5.659128473097272405e-01
2.362629477595571181e+00,5.678146909820978028e-01
2.375259549573314199e+00,5.701360747788761785e-01
2.387889621551056774e+00,5.729910164388348770e-01
2.400519693528799348e+00,5.770757370594991054e-01
2.413149765506542366e+00,5.859281548050701005e-01
2.425779837484284940e+00,5.954726330398539824e-01
2.438409909462027958e+00,5.999993886748991034e-01
2.451039981439770532e+00,5.999999999999999778e-01
2.463670053417513550e+00,5.999999999999999778e-01
2.476300125395256124e+00,5.999999999999999778e-01
2.488930197372998698e+00,5.999999999999999778e-01
2.501560269350741716e+00,5.999999999999999778e-01
2.514190341328484291e+00,5.999999999999999778e-01
2.526820413306226865e+00,6.004808481377019724e-01
2.539450485283969439e+00,6.194839996501576573e-01
2.552080557261712457e+00,6.508100425785018350e-01
2.564710629239455031e+00,6.732610434675997402e-01
2.577340701217197605e+00,6.770279154658195298e-01
2.589970773194940623e+00,6.794937475928903847e-01
2.602600845172683197e+00,6.817067323113491506e-01
2.615230917150425771e+00,6.836829198818328290e-01
2.627860989128168345e+00,6.854383605649788658e-01
2.640491061105911363e+00,6.869891046214241515e-01
2.653121133083653937e+00,6.883512023118060208e-01
2.665751205061396512e+00,6.895407038967616975e-01
2.678381277039139530e+00,6.905736596369281832e-01
2.691011349016882104e+00,6.914661197929429237e-01
2.703641420994624678e+00,6.922341346254428096e-01
2.716271492972367252e+00,6.928937543950650646e-01
2.728901564950110270e+00,6.934610293624469124e-01
2.741531636927852844e+00,6.939520097882254657e-01
2.754161708905595418e+00,6.943827459330379481e-01
2.766791780883338436e+00,6.947692880575214724e-01
2.779421852861081010e+00,6.951276864223132623e-01
2.792051924838823584e+00,6.954739912880505415e-01
2.804681996816566159e+00,6.958242529153704226e-01
2.817312068794309177e+00,6.961945215649101293e-01
2.829942140772051751e+00,6.966008474973066633e-01
2.842572212749794325e+00,6.970592809731973594e-01
2.855202284727537343e+00,6.975858722532193301e-01
2.867832356705279917e+00,6.981966715980094662e-01
2.880462428683022935e+00,6.989077292682055464e-01
2.893092500660765509e+00,6.997350955244442394e-01
2.905722572638508527e+00,7.006948206273629909e-01
2.918352644616251101e+00,7.018029548375989135e-01
2.930982716593993676e+00,7.030755484157890089e-01
2.943612788571736694e+00,7.045286516225706119e-01
2.956242860549479268e+00,7.061783147185808351e-01
2.968872932527221842e+00,7.080405879644569023e-01
2.981503004504964416e+00,7.101315216208355929e-01
2.994133076482707434e+00,7.124671659483547970e-01
3.006763148460450008e+00,7.190285633058164372e-01
3.019393220438192582e+00,7.307230148550651894e-01
3.032023292415935600e+00,7.425682286087617046e-01
3.044653364393678174e+00,7.495810421990939387e-01
3.057283436371420748e+00,7.500000000000000000e-01
3.069913508349163322e+00,7.500000000000000000e-01
3.082543580326906341e+00,7.500000000000000000e-01
3.095173652304648915e+00,7.500000000000000000e-01
3.107803724282391489e+00,7.500000000000000000e-01
3.120433796260134507e+00,7.500000000000000000e-01
3.133063868237877081e+00,7.500000000000000000e-01
3.145693940215619655e+00,7.500000000000000000e-01
3.158324012193362229e+00,7.506852544782908199e-01
3.170954084171105247e+00,7.728826625150687635e-01
3.183584156148847821e+00,8.130559255099365501e-01
3.196214228126590395e+00,8.530277266758734545e-01
3.208844300104333414e+00,8.746207492258594174e-01
3.221474372082075988e+00,8.781080248620832807e-01
3.234104444059818562e+00,8.812669782000748242e-01
3.246734516037561136e+00,8.842171879394733480e-01
3.259364588015304154e+00,8.869673668646144149e-01
3.271994659993046728e+00,8.895262277598332545e-01
3.284624731970789302e+00,8.919024834094646526e-01
3.297254803948532320e+00,8.941048465978440607e-01
3.309884875926274894e+00,8.961420301093065977e-01
3.322514947904017912e+00,8.980227467281873821e-01
3.335145019881760486e+00,8.997557092388216438e-01
3.347775091859503060e+00,9.013496304255448344e-01
3.360405163837246079e+00,9.028132230726917395e-01
3.373035235814988653e+00,9.041551999645977000e-01
3.385665307792731671e+00,9.053842738855978345e-01
3.398295379770474245e+00,9.065091576200275947e-01
3.410925451748216819e+00,9.075385639522218773e-01
3.423555523725959393e+00,9.084812056665159119e-01
3.436185595703702411e+00,9.093457955472449283e-01
3.448815667681444541e+00,9.101410463787441563e-01
3.461445739659188003e+00,9.108756709453488254e-01
3.474075811636930577e+00,9.115583820313938324e-01
3.486705883614673152e+00,9.121978924212146289e-01
3.499335955592415726e+00,9.128029148991464448e-01
3.511966027570158300e+00,9.133821622495241765e-01
3.524596099547901762e+00,9.139443472566832760e-01
3.537226171525643448e+00,9.144981827049588619e-01
3.549856243503386910e+00,9.150523813786860527e-01
3.562486315481129484e+00,9.156156560621999674e-01
3.575116387458872058e+00,9.161967195398360575e-01
3.587746459436614632e+00,9.168042845959293308e-01
3.600376531414357206e+00,9.174470640148149059e-01
3.613006603392100669e+00,9.181337705808281235e-01
3.625636675369842354e+00,9.188731170783039914e-01
3.638266747347585817e+00,9.196738162915779613e-01
3.650896819325328391e+00,9.205445810049849298e-01
3.663526891303070965e+00,9.214941240028602376e-01
3.676156963280813539e+00,9.225311580695390035e-01
3.688787035258556113e+00,9.236643959893565681e-01
3.701417107236298687e+00,9.249025505466479391e-01
3.714047179214041261e+00,9.262543345257481242e-01
3.726677251191784723e+00,9.277284607109927972e-01
3.739307323169527297e+00,9.293336418867168547e-01
3.751937395147269871e+00,9.310785908372555264e-01
3.764567467125012445e+00,9.329720203469437090e-01
3.777197539102755464e+00,9.350226432001171872e-01
3.789827611080498038e+00,9.372391721811106358e-01
3.802457683058240612e+00,9.400587666649766749e-01
3.815087755035983630e+00,9.440076162432321505e-01
3.827717827013726648e+00,9.488730748339293530e-01
3.840347898991469222e+00,9.544350850283800369e-01
3.852977970969211796e+00,9.604735894178960676e-01
3.865608042946954370e+00,9.667685305937887552e-01
3.878238114924696944e+00,9.730998511473700763e-01
3.890868186902439518e+00,9.792474936699513410e-01
3.903498258880182981e+00,9.849914007528447479e-01
3.916128330857925555e+00,9.901115149873614962e-01
3.928758402835668129e+00,9.943877789648128962e-01
3.941388474813410703e+00,9.976001352765115904e-01
3.954018546791153277e+00,9.995285265137682229e-01
3.966648618768895851e+00,1.000000000000000000e+00
3.979278690746638425e+00,1.000000000000000000e+00
3.991908762724381887e+00,1.000000000000000000e+00
4.004538834702124461e+00,1.000000000000000000e+00
4.017168906679867035e+00,1.000000000000000000e+00
4.029798978657609609e+00,1.000000000000000000e+00
4.042429050635352183e+00,1.000000000000000000e+00
4.055059122613094758e+00,1.000000000000000000e+00
4.067689194590837332e+00,1.000000000000000000e+00
4.080319266568580794e+00,1.000000000000000000e+00
4.092949338546323368e+00,1.000000000000000000e+00
4.105579410524065942e+00,1.000000000000000000e+00
4.118209482501808516e+00,1.000000000000000000e+00
4.130839554479551090e+00,1.000000000000000000e+00
4.143469626457293664e+00,1.000000000000000000e+00
4.156099698435036238e+00,1.000000000000000000e+00
4.168729770412779700e+00,1.000000000000000000e+00
4.181359842390522275e+00,1.000000000000000000e+00
4.193989914368264849e+00,1.000000000000000000e+00
4.206619986346007423e+00,1.000000000000000000e+00
4.219250058323749997e+00,1.000000000000000000e+00
4.231880130301492571e+00,1.000000000000000000e+00
4.244510202279235145e+00,1.000000000000000000e+00
4.257140274256978607e+00,1.000000000000000000e+00
4.269770346234721181e+00,1.000000000000000000e+00
4.282400418212463755e+00,1.000000000000000000e+00
4.295030490190206329e+00,1.000000000000000000e+00
4.307660562167948903e+00,1.000000000000000000e+00
4.320290634145691477e+00,1.001508435374989681e+00
4.332920706123434051e+00,1.006156119734098242e+00
4.345550778101177514e+00,1.013451650796690640e+00
4.358180850078920088e+00,1.022895740786757157e+00
4.370810922056662662e+00,1.033989101928289633e+00
4.383440994034405236e+00,1.046232446445279685e+00
4.396071066012147810e+00,1.059126486561719149e+00
4.408701137989890384e+00,1.072171934501598978e+00
4.421331209967633846e+00,1.084869502488910786e+00
4.433961281945376420e+00,1.096719902747647080e+00
4.446591353923118994e+00,1.107223847501797698e+00
4.459221425900861568e+00,1.115882048975354701e+00
4.471851497878605031e+00,1.122195219392310150e+00
4.484481569856347605e+00,1.125785936257138742e+00
4.497111641834090179e+00,1.128433933602134731e+00
4.509741713811832753e+00,1.130887708857099216e+00
4.522371785789576215e+00,1.133156986307463754e+00
4.535001857767318789e+00,1.135251490238660121e+00
4.547631929745061363e+00,1.137180944936120541e+00
4.560262001722803937e+00,1.138955074685276792e+00
4.572892073700546511e+00,1.140583603771561094e+00
4.585522145678289085e+00,1.142076256480404561e+00
4.598152217656031659e+00,1.143442757097239415e+00
4.610782289633775122e+00,1.144692829907497877e+00
4.623412361611517696e+00,1.145836199196611505e+00
4.636042433589260270e+00,1.146882589250012074e+00
4.648672505567002844e+00,1.147841724353131809e+00
4.661302577544745418e+00,1.148723328791402487e+00
4.673932649522487992e+00,1.149537126850255664e+00
4.686562721500230566e+00,1.150292842815123562e+00
4.699192793477974028e+00,1.151000200971438181e+00
4.711822865455716602e+00,1.151668925604631077e+00
4.724452937433459176e+00,1.152308741000134251e+00
4.737083009411201751e+00,1.152929371443379925e+00
4.749713081388944325e+00,1.153540541219799653e+00
4.762343153366686899e+00,1.154151974614824994e+00
4.774973225344429473e+00,1.154773395913888390e+00
4.787603297322172935e+00,1.155414529402421397e+00
4.800233369299915509e+00,1.156085099365856017e+00
4.812863441277658083e+00,1.156794830089624249e+00
4.825493513255400657e+00,1.157553445859157870e+00
4.838123585233143231e+00,1.158370670959888882e+00
4.850753657210885805e+00,1.159256229677248617e+00
4.863383729188628379e+00,1.160219846296669521e+00
4.876013801166371842e+00,1.161271245103583816e+00
4.888643873144114416e+00,1.162420150383422612e+00
4.901273945121856990e+00,1.163676286421617911e+00
4.913904017099599564e+00,1.165049377503601935e+00
4.926534089077342138e+00,1.166549147914806683e+00
4.939164161055084712e+00,1.168185321940663490e+00
4.951794233032827286e+00,1.169967623866604356e+00
4.964424305010570748e+00,1.171905777978061725e+00
4.977054376988313322e+00,1.174009508560466930e+00
4.989684448966055896e+00,1.176288539899251973e+00
5.002314520943798470e+00,1.178752596279848852e+00
5.014944592921541044e+00,1.181411401987689569e+00
5.027574664899283619e+00,1.184274681308205679e+00
5.040204736877026193e+00,1.187352158526829182e+00
5.052834808854769655e+00,1.195218956564464641e+00
5.065464880832512229e+00,1.210250613009925758e+00
5.078094952810254803e+00,1.227601146563494838e+00
5.090725024787997377e+00,1.242412075543969152e+00
5.103355096765739951e+00,1.249824918270145524e+00
5.115985168743482525e+00,1.250000000000000000e+00
5.128615240721225099e+00,1.250000000000000000e+00
5.141245312698968561e+00,1.250000000000000000e+00
5.153875384676711136e+00,1.250000000000000000e+00
5.166505456654453710e+00,1.250000000000000000e+00
5.179135528632196284e+00,1.250000000000000000e+00
5.191765600609938858e+00,1.250000000000000000e+00
5.204395672587681432e+00,1.250000000000000000e+00
5.217025744565424006e+00,1.250000000000000000e+00
5.229655816543167468e+00,1.250000000000000000e+00
5.242285888520910042e+00,1.254513169981877896e+00
5.254915960498652616e+00,1.277881302577144051e+00
5.267546032476395190e+00,1.311946960467393897e+00
5.280176104454137764e+00,1.346197909467470311e+00
5.292806176431880338e+00,1.370121915392215062e+00
5.305436248409622912e+00,1.376374606848630444e+00
5.318066320387366375e+00,1.379128196323225586e+00
5.330696392365108949e+00,1.381714243426196864e+00
5.343326464342851523e+00,1.384138874890894266e+00
5.355956536320594097e+00,1.386408217450667113e+00
5.368586608298337559e+00,1.388528397838864947e+00
5.381216680276080133e+00,1.390505542788836868e+00
5.393846752253822707e+00,1.392345779033932862e+00
5.406476824231565281e+00,1.394055233307502251e+00
5.419106896209308744e+00,1.395640032342894354e+00
5.431736968187051318e+00,1.397106302873458938e+00
5.444367040164793892e+00,1.398460171632545546e+00
5.456997112142536466e+00,1.399707765353502831e+00
5.469627184120279040e+00,1.400855210769681447e+00
5.482257256098021614e+00,1.401908634614430271e+00
5.494887328075765076e+00,1.402874163621098624e+00
5.507517400053507650e+00,1.403757924523036493e+00
5.520147472031250224e+00,1.404566044053593199e+00
5.532777544008992798e+00,1.405304648946118062e+00
5.545407615986735372e+00,1.405979865933960626e+00
5.558037687964477946e+00,1.406597821750470656e+00
5.570667759942220520e+00,1.407164643128997028e+00
5.583297831919963983e+00,1.407686456802889952e+00
5.595927903897706557e+00,1.408169389505498303e+00
5.608557975875449131e+00,1.408619567970172071e+00
5.621188047853191705e+00,1.409043118930260352e+00
5.633818119830934279e+00,1.409446169119112913e+00
5.646448191808676853e+00,1.409834845270079073e+00
5.659078263786419427e+00,1.410215274116508377e+00
5.671708335764162889e+00,1.410593582391750145e+00
5.684338407741905463e+00,1.410975896829154363e+00
5.696968479719648037e+00,1.411368344162070132e+00
5.709598551697390612e+00,1.411777051123846993e+00
5.722228623675133186e+00,1.412208144447834268e+00
5.734858695652875760e+00,1.412667750867381722e+00
5.747488767630618334e+00,1.413161997115838897e+00
5.760118839608361796e+00,1.413697009926554893e+00
5.772748911586104370e+00,1.414278916032879696e+00
5.785378983563846944e+00,1.414913842168162406e+00
5.798009055541589518e+00,1.415607915065752787e+00
5.810639127519332092e+00,1.416367261458999938e+00
5.823269199497074666e+00,1.417198008081253624e+00
5.835899271474817240e+00,1.418106281665863166e+00
5.848529343452560703e+00,1.419098208946178552e+00
5.861159415430303277e+00,1.420179916655548880e+00
5.873789487408045851e+00,1.421357531527323470e+00
5.886419559385788425e+00,1.422637180294852088e+00
5.899049631363530999e+00,1.424024989691484278e+00
5.911679703341273573e+00,1.425527086450569358e+00
5.924309775319016147e+00,1.427149597305456652e+00
5.936939847296759609e+00,1.428898648989496145e+00
5.949569919274502183e+00,1.430780368236036937e+00
5.962199991252244757e+00,1.432800881778428570e+00
5.974830063229987331e+00,1.434966316350020588e+00
5.987460135207729905e+00,1.437282798684162533e+00
6.000090207185472480e+00,1.441227737787449614e+00
6.012720279163215054e+00,1.448261410454959375e+00
6.025350351140958516e+00,1.457390657969670267e+00
6.037980423118701090e+00,1.467606384881816828e+00
6.050610495096443664e+00,1.477899495741635594e+00
6.063240567074186238e+00,1.487260895099362212e+00
6.075870639051928812e+00,1.494681487505232109e+00
6.088500711029671386e+00,1.499152177509481376e+00
6.101130783007413960e+00,1.500000000000000000e+00
6.113760854985157422e+00,1.500000000000000000e+00
6.126390926962899997e+00,1.500000000000000000e+00
6.139020998940642571e+00,1.500000000000000000e+00
6.151651070918385145e+00,1.500000000000000000e+00
6.164281142896127719e+00,1.500000000000000000e+00
6.176911214873870293e+00,1.500000000000000000e+00
6.189541286851612867e+00,1.500000000000000000e+00
6.202171358829356329e+00,1.500000000000000000e+00
6.214801430807098903e+00,1.500000000000000000e+00
6.227431502784841477e+00,1.500000000000000000e+00
6.240061574762584051e+00,1.500000000000000000e+00
6.252691646740326625e+00,1.500000000000000000e+00
6.265321718718070088e+00,1.500000000000000000e+00
6.277951790695812662e+00,1.500000000000000000e+00
6.290581862673555236e+00,1.500000000000000000e+00
6.303211934651297810e+00,1.500000000000000000e+00
6.315842006629041272e+00,1.500296271341909682e+00
6.328472078606783846e+00,1.504801419458382750e+00
6.341102150584526420e+00,1.513678098369658942e+00
6.353732222562268994e+00,1.525565693105461751e+00
6.366362294540011568e+00,1.539103588695515779e+00
6.378992366517755030e+00,1.552931170169546071e+00
6.391622438495497605e+00,1.565687822557274789e+00
6.404252510473240179e+00,1.576012930888426755e+00
6.416882582450982753e+00,1.582545880192726129e+00
6.429512654428725327e+00,1.585600971761879752e+00
6.442142726406467901e+00,1.588224416214918611e+00
6.454772798384210475e+00,1.590559888521255960e+00
6.467402870361953937e+00,1.592631738669756380e+00
6.480032942339696511e+00,1.594464316649282232e+00
6.492663014317439085e+00,1.596081972448697872e+00
6.505293086295181659e+00,1.597509056056866772e+00
6.517923158272924233e+00,1.598769917462653289e+00
6.530553230250666807e+00,1.599888906654920229e+00
6.543183302228409381e+00,1.600890373622532392e+00
6.555813374206152844e+00,1.601798668354352584e+00
6.568443446183895418e+00,1.602638140839244940e+00
6.581073518161637992e+00,1.603433141066073153e+00
6.593703590139380566e+00,1.604208019023700693e+00
6.606333662117123140e+00,1.604987124700991696e+00
6.618963734094865714e+00,1.605794808086809633e+00
6.631593806072608288e+00,1.606655419170018195e+00
6.644223878050351750e+00,1.607593307939481297e+00
6.656853950028094324e+00,1.608632824384062632e+00
6.669484022005836898e+00,1.609798318492625668e+00
6.682114093983579473e+00,1.611114140254034544e+00
6.694744165961322047e+00,1.612604639657152505e+00
6.707374237939064621e+00,1.614294166690843468e+00
6.720004309916807195e+00,1.616207071343971347e+00
6.732634381894550657e+00,1.618367703605400054e+00
6.745264453872293231e+00,1.620800413463992395e+00
6.757894525850035805e+00,1.623529550908612951e+00
6.770524597827778379e+00,1.627381939185400528e+00
6.783154669805520953e+00,1.635964613221838837e+00
6.795784741783263527e+00,1.647149042319748569e+00
6.808414813761006101e+00,1.657905818422921618e+00
6.821044885738749564e+00,1.665205533475149213e+00
6.833674957716492138e+00,1.666666666666666741e+00
6.846305029694234712e+00,1.666666666666666741e+00
6.858935101671977286e+00,1.666666666666666741e+00
6.871565173649719860e+00,1.666666666666666741e+00
6.884195245627462434e+00,1.666666666666666741e+00
6.896825317605205008e+00,1.666666666666666741e+00
6.909455389582948470e+00,1.666666666666666741e+00
6.922085461560691932e+00,1.666666666666666741e+00
6.934715533538433618e+00,1.666666666666666741e+00
6.947345605516175304e+00,1.666666666666666741e+00
6.959975677493918766e+00,1.666753211968500459e+00
6.972605749471662229e+00,1.671306976169659064e+00
6.985235821449403915e+00,1.680679105598199774e+00
6.997865893427147377e+00,1.691941755713211260e+00
7.010495965404890839e+00,1.702167081973778417e+00
7.023126037382632525e+00,1.708429540124082768e+00
7.035756109360374211e+00,1.711515462339268545e+00
7.048386181338117673e+00,1.713941533219490276e+00
7.061016253315861135e+00,1.715865464235492910e+00
7.073646325293602821e+00,1.717444966858020727e+00
7.086276397271346283e+00,1.718837752557820009e+00
7.098906469249089746e+00,1.720201532805634814e+00
7.111536541226831432e+00,1.721694019072210535e+00
7.124166613204574006e+00,1.723472922828291898e+00
7.136796685182316580e+00,1.725695955544624960e+00
7.149426757160060042e+00,1.728520828691954003e+00
7.162056829137802616e+00,1.733638303895364885e+00
7.174686901115545190e+00,1.741792080538105747e+00
7.187316973093287764e+00,1.748534168780349507e+00
7.199947045071030338e+00,1.750000000000000000e+00
7.212577117048772912e+00,1.750000000000000000e+00
7.225207189026516374e+00,1.750000000000000000e+00
7.237837261004258949e+00,1.750000000000000000e+00
7.250467332982001523e+00,1.750000000000000000e+00
7.263097404959744985e+00,1.750000000000000000e+00
7.275727476937486671e+00,1.750000000000000000e+00
7.288357548915230133e+00,1.767999620592234589e+00
7.300987620892971819e+00,1.858394578400046404e+00
7.313617692870715281e+00,1.960108897633040970e+00
7.326247764848458743e+00,2.000355407871710067e+00
7.338877836826200429e+00,2.002681880669930248e+00
7.351507908803943891e+00,2.004948481951239536e+00
7.364137980781685577e+00,2.007156011554021013e+00
7.376768052759429040e+00,2.009305269316657316e+00
7.389398124737170725e+00,2.011397055077531970e+00
7.402028196714914188e+00,2.013432168675027167e+00
7.414658268692657650e+00,2.015411409947525989e+00
7.427288340670399336e+00,2.017335578733411072e+00
7.439918412648142798e+00,2.019205474871065498e+00
7.452548484625884484e+00,2.021021898198871458e+00
7.465178556603627946e+00,2.022785648555212479e+00
7.477808628581369632e+00,2.024497525778470308e+00
7.490438700559113094e+00,2.026158329707029804e+00
7.503068772536856557e+00,2.027768860179271826e+00
7.515698844514598242e+00,2.029329917033579456e+00
7.528328916492341705e+00,2.030842300108336218e+00
7.540958988470083391e+00,2.032306809241925194e+00
7.553589060447826853e+00,2.033724244272727688e+00
7.566219132425568539e+00,2.035095405039128114e+00
7.578849204403312001e+00,2.036421091379508663e+00
7.591479276381055463e+00,2.037702103132251530e+00
7.604109348358797149e+00,2.038939240135740683e+00
7.616739420336540611e+00,2.040133302228358314e+00
7.629369492314282297e+00,2.041285089248486617e+00
7.641999564292025759e+00,2.042395401034510005e+00
7.654629636269767445e+00,2.043465037424810227e+00
7.667259708247510908e+00,2.044494798257769475e+00
7.679889780225254370e+00,2.045485483371772162e+00
7.692519852202996056e+00,2.046437892605199593e+00
7.705149924180739518e+00,2.047352825796435738e+00
7.717779996158481204e+00,2.048231082783862789e+00
7.730410068136224666e+00,2.049073463405863826e+00
7.743040140113966352e+00,2.049880767500821044e+00
7.755670212091709814e+00,2.050653794907117966e+00
7.768300284069453276e+00,2.051393345463137674e+00
7.780930356047194962e+00,2.052100219007261916e+00
7.793560428024938425e+00,2.052775215377874218e+00
7.806190500002680110e+00,2.053419134413357217e+00
7.818820571980423573e+00,2.054032775952093548e+00
7.831450643958165259e+00,2.054616939832467182e+00
7.844080715935908721e+00,2.055172425892859422e+00
7.856710787913652183e+00,2.055700033971653351e+00
7.869340859891393869e+00,2.056200563907232493e+00
7.881970931869137331e+00,2.056674815537979040e+00
7.894601003846879017e+00,2.057123588702275629e+00
7.907231075824622479e+00,2.057547683238506231e+00
7.919861147802364165e+00,2.057947898985052149e+00
7.932491219780107627e+00,2.058325035780297796e+00
7.945121291757851090e+00,2.058679893462624921e+00
7.957751363735592776e+00,2.059013271870415718e+00
7.970381435713336238e+00,2.059325970842054598e+00
7.983011507691077924e+00,2.059618790215923756e+00
7.995641579668821386e+00,2.059892529830405383e+00
8.008271651646563072e+00,2.060147989523883005e+00
8.020901723624307422e+00,2.060385969134739703e+00
8.033531795602049996e+00,2.060607268501356781e+00
8.046161867579792570e+00,2.060812687462118653e+00
8.058791939557535144e+00,2.061003025855407511e+00
8.071422011535277719e+00,2.061179083519605992e+00
8.084052083513020293e+00,2.061341660293096734e+00
8.096682155490762867e+00,2.061491556014264148e+00
8.109312227468505441e+00,2.061629570521488652e+00
8.121942299446249791e+00,2.061756503653154660e+00
8.134572371423990589e+00,2.061873155247644807e+00
8.147202443401734939e+00,2.061980325143341730e+00
8.159832515379475737e+00,2.062078813178628067e+00
8.172462587357220087e+00,2.062169419191886455e+00
8.185092659334960885e+00,2.062252943021499973e+00
8.197722731312705235e+00,2.062330184505852149e+00
8.210352803290447810e+00,2.062401943483324285e+00
8.222982875268190384e+00,2.062469019792300351e+00
8.235612947245932958e+00,2.062532213271162540e+00
8.248243019223675532e+00,2.062592323758294377e+00
8.260873091201418106e+00,2.062650151092078055e+00
8.273503163179160680e+00,2.062706495110897098e+00
8.286133235156903254e+00,2.062762155653133256e+00
8.298763307134647604e+00,2.062817932557170053e+00
8.311393379112388402e+00,2.062874625661390127e+00
8.324023451090132752e+00,2.062933034804176113e+00
8.336653523067873550e+00,2.062993959823911094e+00
8.349283595045617901e+00,2.063058200558977706e+00
8.361913667023358698e+00,2.063126556847759474e+00
8.374543739001103049e+00,2.063199828528638147e+00
8.387173810978845623e+00,2.063278815439996805e+00
8.399803882956588197e+00,2.063364317420218974e+00
8.412433954934330771e+00,2.063457134307686847e+00
8.425064026912073345e+00,2.063558065940783059e+00
8.437694098889815919e+00,2.063667912157891138e+00
8.450324170867558493e+00,2.063787472797392830e+00
8.462954242845301067e+00,2.063917547697672106e+00
8.475584314823045418e+00,2.064058936697111157e+00
8.488214386800786215e+00,2.064212439634092622e+00
8.500844458778530566e+00,2.064378856347000024e+00
8.513474530756273140e+00,2.064558986674215113e+00
8.526104602734015714e+00,2.064753630454121858e+00
8.538734674711758288e+00,2.064963587525102895e+00
8.551364746689500862e+00,2.065189657725539973e+00
8.563994818667243436e+00,2.065432640893816618e+00
8.576624890644986010e+00,2.065693336868316354e+00
8.589254962622728584e+00,2.065972545487420930e+00
8.601885034600471158e+00,2.066271066589512984e+00
8.614515106578215509e+00,2.066589700012976927e+00
8.627145178555956306e+00,2.066929245596193621e+00
8.639775250533700657e+00,2.067290503177547034e+00
8.652405322511443231e+00,2.067674272595419804e+00
8.665035394489185805e+00,2.068081353688194568e+00
8.677665466466928379e+00,2.068512546294254406e+00
8.690295538444670953e+00,2.068968650251981956e+00
8.702925610422413527e+00,2.069450465399759853e+00
8.715555682400156101e+00,2.069958791575971624e+00
8.728185754377898675e+00,2.070494428618999017e+00
8.740815826355643026e+00,2.071058176367225556e+00
8.753445898333383823e+00,2.071650834659033436e+00
8.766075970311128174e+00,2.072273203332806624e+00
8.778706042288868971e+00,2.072926082226926425e+00
8.791336114266613322e+00,2.073610271179777254e+00
8.803966186244354120e+00,2.074326570029740857e+00
8.816596258222098470e+00,2.075075778615199873e+00
8.829226330199841044e+00,2.075858696774538270e+00
8.841856402177583618e+00,2.076676124346137797e+00
8.854486474155326192e+00,2.077528861168381979e+00
8.867116546133068766e+00,2.078417707079652565e+00
8.879746618110811340e+00,2.079343461918333968e+00
8.892376690088553914e+00,2.080306925522807049e+00
8.905006762066296488e+00,2.081308897731456220e+00
8.917636834044040839e+00,2.082350178382664119e+00
8.930266906021781637e+00,2.083431567314812494e+00
8.942896977999525987e+00,2.084553864366285314e+00
8.955527049977266785e+00,2.085717869375464772e+00
8.968157121955011135e+00,2.086924382180733950e+00
8.980787193932751933e+00,2.088174202620475928e+00
8.993417265910496283e+00,2.089468130533072454e+00
9.006047337888238857e+00,2.090806965756907942e+00
9.018677409865981431e+00,2.092191508130363697e+00
9.031307481843724005e+00,2.093622557491823244e+00
9.043937553821466580e+00,2.095100913679668775e+00
9.056567625799209154e+00,2.096627376532284259e+00
9.069197697776951728e+00,2.098202745888051446e+00
9.081827769754694302e+00,2.099827821585353860e+00
9.094457841732438652e+00,2.101503403462574138e+00
9.107087913710179450e+00,2.103230291358094917e+00
9.119717985687923800e+00,2.105009285110299277e+00
9.132348057665664598e+00,2.106841184557569857e+00
9.144978129643408948e+00,2.108726789538289292e+00
9.157608201621149746e+00,2.110666899890839776e+00
9.170238273598894096e+00,2.112662315453605721e+00
9.182868345576636671e+00,2.114713836064969765e+00
9.195498417554379245e+00,2.116822261563312768e+00
9.208128489532121819e+00,2.118988391787019587e+00
9.220758561509864393e+00,2.121213026574472416e+00
9.233388633487606967e+00,2.123496965764053446e+00
9.246018705465349541e+00,2.132196130854498772e+00
9.258648777443092115e+00,2.193769184795200999e+00
9.271278849420836465e+00,2.247785042006247735e+00
9.283908921398577263e+00,2.250000000000000000e+00
9.296538993376321613e+00,2.250000000000000000e+00
9.309169065354062411e+00,2.250000000000000000e+00
9.321799137331806762e+00,2.250000000000000000e+00
9.334429209309549336e+00,2.250000000000000000e+00
9.347059281287291910e+00,2.256702047521594867e+00
9.359689353265034484e+00,2.278777297960398407e+00
9.372319425242777058e+00,2.292109585977524677e+00
9.384949497220519632e+00,2.295439998491263012e+00
9.397579569198262206e+00,2.298073010172098751e+00
9.410209641176004780e+00,2.300131086726353580e+00
9.422839713153747354e+00,2.301736693860348293e+00
9.435469785131489928e+00,2.303012297280401910e+00
9.448099857109234279e+00,2.304080362692835671e+00
9.460729929086976853e+00,2.305063355803969483e+00
9.473360001064719427e+00,2.306083742320124585e+00
9.485990073042462001e+00,2.307263987947620887e+00
9.498620145020204575e+00,2.308726558392778294e+00
9.511250216997947149e+00,2.310593919361918047e+00
9.523880288975689723e+00,2.313023477833854979e+00
9.536510360953432297e+00,2.317138931528677670e+00
9.549140432931174871e+00,2.322499476510236249e+00
9.561770504908919222e+00,2.327832456530196659e+00
9.574400576886660019e+00,2.331865215340223951e+00
9.587030648864404370e+00,2.333333333333333481e+00
9.599660720842145167e+00,2.333333333333333481e+00
9.612290792819889518e+00,2.333333333333333481e+00
9.624920864797632092e+00,2.333333333333333481e+00
9.637550936775374666e+00,2.333333333333333481e+00
9.650181008753117240e+00,2.333333333333333481e+00
9.662811080730859814e+00,2.333333333333333481e+00
9.675441152708602388e+00,2.333333333333333481e+00
9.688071224686344962e+00,2.333333333333333481e+00
9.700701296664087536e+00,2.333333333333333481e+00
9.713331368641831887e+00,2.333333333333333481e+00
9.725961440619572684e+00,2.338777495782347948e+00
9.738591512597317035e+00,2.356170133542240919e+00
9.751221584575057832e+00,2.379114414387389687e+00
9.763851656552802183e+00,2.400944391575615899e+00
9.776481728530542981e+00,2.414994118364731879e+00
9.789111800508287331e+00,2.419018095902781607e+00
9.801741872486029905e+00,2.422048647454503545e+00
9.814371944463772479e+00,2.424763121155500745e+00
9.827002016441515053e+00,2.427185299718876976e+00
9.839632088419257627e+00,2.429338965857735122e+00
9.852262160397000201e+00,2.431247902285179396e+00
9.864892232374742775e+00,2.432935891714311349e+00
9.877522304352485349e+00,2.434426716858236084e+00
9.890152376330229700e+00,2.435744160430056482e+00
9.902782448307970498e+00,2.436912005142874982e+00
9.915412520285714848e+00,2.437954033709794910e+00
9.928042592263455646e+00,2.438894028843920481e+00
9.940672664241199996e+00,2.439755773258354576e+00
9.953302736218940794e+00,2.440563049666201412e+00
9.965932808196685144e+00,2.441339640780561648e+00
9.978562880174427718e+00,2.442109329314541277e+00
9.991192952152170292e+00,2.442895897981243181e+00
1.000382302412991287e+01,2.443723129493768909e+00
1.001645309610765544e+01,2.444614806565223564e+00
1.002908316808539801e+01,2.445594711908710028e+00
1.004171324006314059e+01,2.446686628237330741e+00
1.005434331204088316e+01,2.447914338264190359e+00
1.006697338401862751e+01,2.449301624702391322e+00
1.007960345599636831e+01,2.450872270265036512e+00
1.009223352797411266e+01,2.452650057665230587e+00
1.010486359995185346e+01,2.454658769616075098e+00
1.011749367192959781e+01,2.456922188830675147e+00
1.013012374390733861e+01,2.459636052527105932e+00
1.014275381588508296e+01,2.463994195110285279e+00
1.015538388786282553e+01,2.469736150366009131e+00
1.016801395984056811e+01,2.476267948164343036e+00
1.018064403181831068e+01,2.482995618375352542e+00
1.019327410379605325e+01,2.489325190869100535e+00
1.020590417577379583e+01,2.494662695515654782e+00
1.021853424775153840e+01,2.498414162185078169e+00
1.023116431972928098e+01,2.499985620747435799e+00
1.024379439170702533e+01,2.500000000000000000e+00
1.025642446368476612e+01,2.500000000000000000e+00
1.026905453566251047e+01,2.500000000000000000e+00
1.028168460764025305e+01,2.500000000000000000e+00
1.029431467961799562e+01,2.500000000000000000e+00
1.030694475159573820e+01,2.500000000000000000e+00
1.031957482357348077e+01,2.500000000000000000e+00
1.033220489555122334e+01,2.500000000000000000e+00
1.034483496752896592e+01,2.500000000000000000e+00
1.035746503950670849e+01,2.500000000000000000e+00
1.037009511148445107e+01,2.500000000000000000e+00
1.038272518346219364e+01,2.500000000000000000e+00
1.039535525543993622e+01,2.500000000000000000e+00
1.040798532741768057e+01,2.500000000000000000e+00
1.042061539939542314e+01,2.500000000000000000e+00
1.043324547137316571e+01,2.500000000000000000e+00
1.044587554335090829e+01,2.500000000000000000e+00
1.045850561532865086e+01,2.506501458394497561e+00
1.047113568730639344e+01,2.528818579278733214e+00
1.048376575928413601e+01,2.562635456475892859e+00
1.049639583126187858e+01,2.603361842337673870e+00
1.050902590323962293e+01,2.646407489215760744e+00
1.052165597521736373e+01,2.687182149461836200e+00
1.053428604719510808e+01,2.721095575427598945e+00
1.054691611917284888e+01,2.743557519464729921e+00
1.055954619115059323e+01,2.750879372450896199e+00
1.057217626312833403e+01,2.753724203992167663e+00
1.058480633510607838e+01,2.756484731202629934e+00
1.059743640708382095e+01,2.759162397400960032e+00
1.061006647906156353e+01,2.761758645905839860e+00
1.062269655103930610e+01,2.764274920035948657e+00
1.063532662301704868e+01,2.766712663109965220e+00
1.064795669499479125e+01,2.769073318446569676e+00
1.066058676697253382e+01,2.771358329364441708e+00
1.067321683895027640e+01,2.773569139182261445e+00
1.068584691092802075e+01,2.775707191218707681e+00
1.069847698290576155e+01,2.777773928792460989e+00
1.071110705488350590e+01,2.779770795222199720e+00
1.072373712686124669e+01,2.781699233826604445e+00
1.073636719883899104e+01,2.783560687924354848e+00
1.074899727081673184e+01,2.785356600834130170e+00
1.076162734279447619e+01,2.787088415874610536e+00
1.077425741477221877e+01,2.788757576364475632e+00
1.078688748674996134e+01,2.790365525622403808e+00
1.079951755872770391e+01,2.791913706967076525e+00
1.081214763070544649e+01,2.793403563717172133e+00
1.082477770268318906e+01,2.794836539191370761e+00
1.083740777466093164e+01,2.796214076708352092e+00
1.085003784663867421e+01,2.797537619586796254e+00
1.086266791861641856e+01,2.798808611145381597e+00
1.087529799059415936e+01,2.800028494702789139e+00
1.088792806257190371e+01,2.801198713577697230e+00
1.090055813454964451e+01,2.802320711088786886e+00
1.091318820652738886e+01,2.803395930554736459e+00
1.092581827850512965e+01,2.804425815294226521e+00
1.093844835048287401e+01,2.805411808625936310e+00
1.095107842246061658e+01,2.806355353868545510e+00
1.096370849443835915e+01,2.807257894340734694e+00
1.097633856641610173e+01,2.808120873361181769e+00
1.098896863839384430e+01,2.808945734248566861e+00
1.100159871037158688e+01,2.809733920321570988e+00
1.101422878234932945e+01,2.810486874898872056e+00
1.102685885432707202e+01,2.811206041299150638e+00
1.103948892630481637e+01,2.811892862841086860e+00
1.105211899828255717e+01,2.812548782843359074e+00
1.106474907026030152e+01,2.813175244624647409e+00
1.107737914223804232e+01,2.813773691503632435e+00
1.109000921421578667e+01,2.814345566798992504e+00
1.110263928619352747e+01,2.814892313829407744e+00
1.111526935817127182e+01,2.815415375913558282e+00
1.112789943014901439e+01,2.815916196370122915e+00
1.114052950212675697e+01,2.816396218517781769e+00
1.115315957410449954e+01,2.816856885675214972e+00
1.116578964608224211e+01,2.817299641161100876e+00
1.117841971805998469e+01,2.817725928294120052e+00
1.119104979003772726e+01,2.818137190392952185e+00
1.120367986201546984e+01,2.818534870776276513e+00
1.121630993399321419e+01,2.818920412762773164e+00
1.122894000597095676e+01,2.819295259671121379e+00
1.124157007794869934e+01,2.819660854820000839e+00
1.125420014992644191e+01,2.820018641528091674e+00
1.126683022190418448e+01,2.820370063114073123e+00
1.127946029388192706e+01,2.820716562896624424e+00
1.129209036585966963e+01,2.821059584194425707e+00
1.130472043783741221e+01,2.821400570326157542e+00
1.131735050981515478e+01,2.821740964610497393e+00
1.132998058179289913e+01,2.822082210366126276e+00
1.134261065377063993e+01,2.822425750911724318e+00
1.135524072574838428e+01,2.822773029565970315e+00
1.136787079772612508e+01,2.823125489647543951e+00
1.138050086970386943e+01,2.823484574475125353e+00
1.139313094168161200e+01,2.823851727367393316e+00
1.140576101365935457e+01,2.824228391643027969e+00
1.141839108563709715e+01,2.824616010620709439e+00
1.143102115761483972e+01,2.825016027619116521e+00
1.144365122959258230e+01,2.825429885956930232e+00
1.145628130157032487e+01,2.825859028952828922e+00
1.146891137354806744e+01,2.826304899925492276e+00
1.148154144552581180e+01,2.826768942193599976e+00
1.149417151750355259e+01,2.827252599075832595e+00
1.150680158948129694e+01,2.827757313890868929e+00
1.151943166145903774e+01,2.828284529957388216e+00
1.153206173343678209e+01,2.828835690594071917e+00
1.154469180541452289e+01,2.829412239119597494e+00
1.155732187739226724e+01,2.830015618852646408e+00
1.156995194937000981e+01,2.830647273111897011e+00
1.158258202134775239e+01,2.831308645216029429e+00
1.159521209332549496e+01,2.832001178483722903e+00
1.160784216530323754e+01,2.832726316233658004e+00
1.162047223728098011e+01,2.833485501784514415e+00
1.163310230925872268e+01,2.834280178454970045e+00
1.164573238123646526e+01,2.835111789563706353e+00
1.165836245321420961e+01,2.835981778429402578e+00
1.167099252519195041e+01,2.836891588370737516e+00
1.168362259716969476e+01,2.837842662706391739e+00
1.169625266914743555e+01,2.838836444755044930e+00
1.170888274112517990e+01,2.839874377835375885e+00
1.172151281310292070e+01,2.840957905266065175e+00
1.173414288508066505e+01,2.842088470365791597e+00
1.174677295705840763e+01,2.843267516453235721e+00
1.175940302903615020e+01,2.844496486847076788e+00
1.177203310101389278e+01,2.845776824865993593e+00
1.178466317299163535e+01,2.847109973828667151e+00
1.179729324496937792e+01,2.848497377053776258e+00
1.180992331694712050e+01,2.849940477860001042e+00
1.182255338892486307e+01,2.851440719566021187e+00
1.183518346090260742e+01,2.852999545490515931e+00
1.184781353288034822e+01,2.854618398952164515e+00
1.186044360485809257e+01,2.856298723269647510e+00
1.187307367683583337e+01,2.858041961761644156e+00
1.188570374881357772e+01,2.859849557746834137e+00
1.189833382079131852e+01,2.861722954543897135e+00
1.191096389276906287e+01,2.863663595471512391e+00
1.192359396474680544e+01,2.865672923848360476e+00
1.193622403672454801e+01,2.867752382993120630e+00
1.194885410870229059e+01,2.869903416224471648e+00
1.196148418068003316e+01,2.872127466861094547e+00
1.197411425265777574e+01,2.874425978221668121e+00
1.198674432463551831e+01,2.877337558742471213e+00
1.199937439661326088e+01,2.882022601235632475e+00
1.201200446859100524e+01,2.888286674285741373e+00
1.202463454056874603e+01,2.895876402649081971e+00
1.203726461254649038e+01,2.904538411081939220e+00
1.204989468452423118e+01,2.914019324340593631e+00
1.206252475650197553e+01,2.924065767181332376e+00
1.207515482847971811e+01,2.934424364360436410e+00
1.208778490045746068e+01,2.944841740634191130e+00
1.210041497243520325e+01,2.955064520758879709e+00
1.211304504441294583e+01,2.964839329490784436e+00
1.212567511639068840e+01,2.973912791586190707e+00
1.213830518836843098e+01,2.982031531801380364e+00
1.215093526034617355e+01,2.988942174892638803e+00
1.216356533232391612e+01,2.994391345616248756e+00
1.217619540430166047e+01,2.998125668728493842e+00
1.218882547627940305e+01,2.999891768985658125e+00
1.220145554825714562e+01,3.000000000000000000e+00
1.221408562023488820e+01,3.000000000000000000e+00
1.222671569221263077e+01,3.000000000000000000e+00
1.223934576419037334e+01,3.000000000000000000e+00
1.225197583616811592e+01,3.000000000000000000e+00
1.226460590814585849e+01,3.000000000000000000e+00
1.227723598012360284e+01,3.000000000000000000e+00
1.228986605210134364e+01,3.000000000000000000e+00
1.230249612407908799e+01,3.000000000000000000e+00
1.231512619605682879e+01,3.000000000000000000e+00
1.232775626803457314e+01,3.000000000000000000e+00
1.234038634001231394e+01,3.000000000000000000e+00
1.235301641199005829e+01,3.000000000000000000e+00
1.236564648396780086e+01,3.000000000000000000e+00
1.237827655594554344e+01,3.000000000000000000e+00
1.239090662792328601e+01,3.000000000000000000e+00
1.240353669990102858e+01,3.000000000000000000e+00
1.241616677187877116e+01,3.000000000000000000e+00
1.242879684385651373e+01,3.000000000000000000e+00
1.244142691583425631e+01,3.000000000000000000e+00
1.245405698781200066e+01,3.000000000000000000e+00
1.246668705978974145e+01,3.000000000000000000e+00
1.247931713176748580e+01,3.000000000000000000e+00
1.249194720374522660e+01,3.000000000000000000e+00
1.250457727572297095e+01,3.000000000000000000e+00
1.251720734770071175e+01,3.000000000000000000e+00
1.252983741967845610e+01,3.000000000000000000e+00
1.254246749165619867e+01,3.000000000000000000e+00
1.255509756363394125e+01,3.000000000000000000e+00
1.256772763561168382e+01,3.000000000000000000e+00
1.258035770758942640e+01,3.000000000000000000e+00
1.259298777956716897e+01,3.000000000000000000e+00
1.260561785154491155e+01,3.000000000000000000e+00
1.261824792352265412e+01,3.000000000000000000e+00
1.263087799550039847e+01,3.000000000000000000e+00
1.264350806747813927e+01,3.000000000000000000e+00
1.265613813945588362e+01,3.000000000000000000e+00
1.266876821143362442e+01,3.000000000000000000e+00
1.268139828341136877e+01,3.000000000000000000e+00
1.269402835538910956e+01,3.000000000000000000e+00
1.270665842736685391e+01,3.000000000000000000e+00
1.271928849934459649e+01,3.000000000000000000e+00
1.273191857132233906e+01,3.000000000000000000e+00
1.274454864330008164e+01,3.000000000000000000e+00
1.275717871527782421e+01,3.000000000000000000e+00
1.276980878725556678e+01,3.000000000000000000e+00
1.278243885923330936e+01,3.000000000000000000e+00
1.279506893121105193e+01,3.000000000000000000e+00
1.280769900318879628e+01,3.000000000000000000e+00
1.282032907516653708e+01,3.000000000000000000e+00
1.283295914714428143e+01,3.000000000000000000e+00
